payment_id,payment_date,payment_amount,payment_mode,payment_status,order_id
1,04-09-2023,8245,PayPal,Completed,1
2,15-02-2023,8560,Amazon Pay,Pending,2
3,24-01-2024,844,Gift Card,Completed,3
4,20-04-2023,9805,Credit Card,Completed,4
5,01-12-2024,11059,Amazon Pay,Pending,5
6,13-11-2024,1452,Amazon Pay,Completed,6
7,27-01-2023,2463,Credit Card,Pending,7
8,21-04-2024,15,Gift Card,Pending,8
9,13-09-2023,2236,Gift Card,Completed,9
10,14-07-2023,5464,Gift Card,Pending,10
11,21-01-2023,1726,Amazon Pay,Completed,11
12,12-08-2023,3500,Debit Card,Pending,12
13,04-01-2023,7994,Amazon Pay,Pending,13
14,26-11-2024,3429,PayPal,Pending,14
15,08-12-2024,4656,PayPal,Completed,15
16,31-01-2023,7155,Gift Card,Pending,16
17,16-01-2023,5817,Debit Card,Completed,17
18,11-10-2024,4615,Gift Card,Pending,18
19,17-07-2024,3398,Gift Card,Completed,19
20,27-01-2024,5912,PayPal,Pending,20
21,03-05-2024,13405,Amazon Pay,Pending,21
22,12-07-2024,1497,Credit Card,Pending,22
23,27-10-2024,4232,Amazon Pay,Pending,23
24,10-01-2024,4839,PayPal,Completed,24
25,08-10-2023,13844,PayPal,Completed,25
26,23-08-2024,2508,PayPal,Pending,26
27,18-07-2023,2691,Gift Card,Pending,27
28,16-10-2024,14171,Amazon Pay,Pending,28
29,26-11-2024,2736,Amazon Pay,Pending,29
30,29-06-2023,6944,PayPal,Pending,30
31,09-07-2023,3086,Amazon Pay,Pending,31
32,21-06-2024,954,Gift Card,Completed,32
33,23-06-2023,4151,Debit Card,Completed,33
34,18-12-2023,6489,Debit Card,Pending,34
35,11-12-2024,6800,Gift Card,Completed,35
36,17-12-2023,8230,Amazon Pay,Completed,36
37,07-09-2024,10961,PayPal,Completed,37
38,17-12-2024,5610,Gift Card,Pending,38
39,30-07-2024,6339,PayPal,Completed,39
40,15-01-2024,180,Credit Card,Completed,40
41,20-05-2024,6764,Debit Card,Completed,41
42,23-07-2023,4214,Gift Card,Pending,42
43,28-11-2023,3403,Credit Card,Completed,43
44,26-04-2024,908,Debit Card,Completed,44
45,01-07-2024,13118,Credit Card,Pending,45
46,09-02-2024,3815,Debit Card,Pending,46
47,29-05-2024,5682,PayPal,Pending,47
48,04-10-2023,18262,Credit Card,Pending,48
49,23-09-2023,2698,Amazon Pay,Completed,49
50,09-06-2024,11482,Amazon Pay,Completed,50
51,30-01-2024,6001,Credit Card,Completed,51
52,10-06-2024,5485,Amazon Pay,Pending,52
53,27-09-2024,8281,PayPal,Pending,53
54,17-07-2023,3274,Amazon Pay,Completed,54
55,26-10-2024,5290,PayPal,Completed,55
56,23-06-2023,9794,PayPal,Pending,56
57,22-09-2024,5537,Credit Card,Pending,57
58,04-02-2023,8801,Gift Card,Completed,58
59,24-08-2024,7474,Amazon Pay,Completed,59
60,01-12-2024,4160,PayPal,Pending,60
61,15-03-2023,3622,Credit Card,Completed,61
62,29-01-2024,5812,Amazon Pay,Pending,62
63,23-01-2024,12584,Gift Card,Completed,63
64,06-03-2023,3662,PayPal,Pending,64
65,02-12-2023,10309,Credit Card,Completed,65
66,04-05-2024,1794,Credit Card,Pending,66
67,21-04-2024,7475,Debit Card,Pending,67
68,05-08-2024,1448,Credit Card,Completed,68
69,01-08-2024,2484,PayPal,Pending,69
70,18-08-2024,6586,Gift Card,Completed,70
71,06-03-2024,3795,Credit Card,Pending,71
72,13-09-2023,868,PayPal,Completed,72
73,04-06-2024,11900,Debit Card,Completed,73
74,21-07-2023,3525,Gift Card,Pending,74
75,27-09-2023,3328,Gift Card,Pending,75
76,28-09-2023,2664,PayPal,Pending,76
77,03-07-2024,2263,Amazon Pay,Completed,77
78,05-10-2023,7768,Credit Card,Completed,78
79,03-12-2024,922,Amazon Pay,Pending,79
80,10-07-2024,3126,Gift Card,Pending,80
81,08-02-2024,4765,Amazon Pay,Pending,81
82,31-05-2024,2172,Credit Card,Completed,82
83,21-10-2024,16627,Gift Card,Completed,83
84,19-10-2024,3645,Debit Card,Pending,84
85,06-11-2023,4437,Gift Card,Pending,85
86,24-09-2023,12298,Gift Card,Pending,86
87,21-07-2023,4023,Gift Card,Pending,87
88,17-05-2024,10200,Credit Card,Completed,88
89,27-05-2023,9516,Debit Card,Completed,89
90,29-02-2024,460,Amazon Pay,Pending,90
91,04-07-2023,11390,Credit Card,Completed,91
92,24-06-2024,1106,Debit Card,Completed,92
93,27-08-2024,17403,Credit Card,Pending,93
94,05-08-2024,1280,Debit Card,Pending,94
95,28-06-2024,1190,PayPal,Pending,95
96,25-09-2024,14478,PayPal,Pending,96
97,27-08-2023,9757,Gift Card,Pending,97
98,24-03-2024,6919,Gift Card,Pending,98
99,23-12-2023,6556,Debit Card,Pending,99
100,23-07-2024,2911,Credit Card,Pending,100
101,12-01-2024,2580,PayPal,Pending,101
102,04-08-2023,1305,PayPal,Completed,102
103,15-03-2023,5276,Debit Card,Pending,103
104,25-01-2024,8026,Gift Card,Completed,104
105,22-07-2024,6958,Credit Card,Pending,105
106,09-11-2024,3183,Debit Card,Pending,106
107,15-11-2023,2801,Amazon Pay,Pending,107
108,05-10-2024,7848,Amazon Pay,Completed,108
109,23-11-2023,4655,PayPal,Pending,109
110,09-07-2024,7988,Amazon Pay,Pending,110
111,23-08-2024,978,Credit Card,Pending,111
112,03-01-2024,2605,Amazon Pay,Pending,112
113,17-04-2024,916,PayPal,Completed,113
114,11-08-2024,8026,Debit Card,Pending,114
115,28-10-2024,4060,Credit Card,Pending,115
116,18-12-2024,7285,PayPal,Completed,116
117,11-09-2024,1244,PayPal,Pending,117
118,02-05-2023,15424,Debit Card,Pending,118
119,11-07-2024,7102,PayPal,Pending,119
120,16-08-2024,4443,Amazon Pay,Pending,120
121,04-06-2023,275,Amazon Pay,Completed,121
122,24-09-2023,4046,PayPal,Pending,122
123,23-09-2023,10460,Amazon Pay,Pending,123
124,09-07-2023,1330,Debit Card,Completed,124
125,23-07-2023,3922,Credit Card,Pending,125
126,05-02-2023,11045,Amazon Pay,Pending,126
127,01-09-2024,9315,Debit Card,Pending,127
128,12-08-2024,4356,Gift Card,Completed,128
129,26-02-2023,1390,PayPal,Pending,129
130,27-11-2024,8796,Debit Card,Completed,130
131,28-12-2023,4951,Debit Card,Completed,131
132,27-08-2024,12192,Gift Card,Pending,132
133,02-12-2024,11162,Credit Card,Pending,133
134,30-07-2024,5547,Credit Card,Completed,134
135,16-06-2024,1048,Gift Card,Pending,135
136,24-09-2023,3400,Amazon Pay,Pending,136
137,14-09-2024,9984,PayPal,Completed,137
138,22-12-2024,5192,PayPal,Pending,138
139,30-04-2023,3779,Debit Card,Completed,139
140,17-07-2023,7989,PayPal,Pending,140
141,12-02-2024,2215,PayPal,Completed,141
142,11-12-2024,8692,Amazon Pay,Completed,142
143,08-08-2023,2176,Credit Card,Pending,143
144,07-12-2023,6592,Credit Card,Pending,144
145,10-01-2023,12205,Credit Card,Pending,145
146,13-10-2023,4579,PayPal,Completed,146
147,24-09-2023,13978,Credit Card,Completed,147
148,28-01-2023,1675,Amazon Pay,Completed,148
149,16-03-2024,7362,Debit Card,Completed,149
150,17-01-2023,260,Credit Card,Pending,150
151,06-02-2023,386,Credit Card,Completed,151
152,22-10-2024,916,Gift Card,Pending,152
153,02-08-2024,2823,Credit Card,Pending,153
154,29-09-2023,13715,Debit Card,Pending,154
155,30-11-2023,6568,PayPal,Pending,155
156,10-03-2023,10093,Gift Card,Pending,156
157,08-05-2024,15912,Amazon Pay,Pending,157
158,26-11-2023,2885,Amazon Pay,Pending,158
159,19-09-2023,16447,Gift Card,Completed,159
160,03-11-2023,2432,Gift Card,Completed,160
161,15-12-2024,603,Gift Card,Pending,161
162,25-01-2024,297,Gift Card,Pending,162
163,02-06-2023,10131,Credit Card,Completed,163
164,28-08-2024,1084,Credit Card,Completed,164
165,21-08-2024,4132,Debit Card,Completed,165
166,24-01-2024,7308,Gift Card,Pending,166
167,17-06-2024,4565,Amazon Pay,Completed,167
168,20-11-2024,1389,Credit Card,Pending,168
169,05-06-2023,7728,Gift Card,Completed,169
170,28-01-2024,2925,Credit Card,Completed,170
171,27-09-2024,776,PayPal,Pending,171
172,30-01-2023,3892,PayPal,Completed,172
173,03-12-2023,11555,Amazon Pay,Pending,173
174,06-08-2023,2685,PayPal,Completed,174
175,25-08-2023,13856,PayPal,Completed,175
176,03-02-2024,5503,Amazon Pay,Pending,176
177,26-03-2024,15802,Debit Card,Completed,177
178,26-09-2023,5456,Gift Card,Pending,178
179,16-10-2024,12467,Credit Card,Completed,179
180,07-04-2024,5500,PayPal,Completed,180
181,30-08-2023,2998,Gift Card,Pending,181
182,05-09-2024,9748,PayPal,Pending,182
183,02-08-2024,1179,Amazon Pay,Completed,183
184,05-04-2024,8602,Gift Card,Completed,184
185,07-02-2023,8613,Amazon Pay,Pending,185
186,14-01-2024,7508,Gift Card,Completed,186
187,23-03-2023,8203,Amazon Pay,Completed,187
188,24-05-2024,10209,Debit Card,Pending,188
189,15-10-2023,5652,Credit Card,Completed,189
190,31-07-2024,12068,Debit Card,Pending,190
191,07-11-2023,10006,Gift Card,Completed,191
192,01-03-2024,4624,Credit Card,Completed,192
193,05-11-2023,4816,PayPal,Pending,193
194,01-11-2024,10784,Amazon Pay,Pending,194
195,18-03-2023,6812,Debit Card,Completed,195
196,15-07-2024,1850,Gift Card,Pending,196
197,03-01-2023,823,Credit Card,Pending,197
198,22-05-2024,1418,Gift Card,Pending,198
199,09-08-2024,10640,Debit Card,Pending,199
200,24-04-2023,8303,Debit Card,Completed,200
201,26-12-2023,3914,Gift Card,Completed,201
202,13-08-2024,3882,Gift Card,Completed,202
203,15-08-2024,8707,Credit Card,Pending,203
204,04-04-2023,1704,Credit Card,Pending,204
205,05-08-2023,7417,Debit Card,Pending,205
206,30-09-2023,570,PayPal,Pending,206
207,12-01-2024,3586,Gift Card,Completed,207
208,25-12-2023,812,PayPal,Completed,208
209,16-04-2023,5519,Amazon Pay,Completed,209
210,25-06-2024,4672,Amazon Pay,Completed,210
211,27-05-2023,2390,Gift Card,Pending,211
212,19-10-2024,15922,Debit Card,Pending,212
213,21-09-2024,3258,PayPal,Pending,213
214,23-11-2024,5740,Gift Card,Pending,214
215,25-11-2023,2008,PayPal,Pending,215
216,16-11-2023,13490,PayPal,Completed,216
217,07-12-2023,4469,PayPal,Pending,217
218,23-01-2024,5745,Credit Card,Pending,218
219,12-05-2024,10946,Gift Card,Completed,219
220,14-04-2023,2649,PayPal,Pending,220
221,19-08-2023,8121,Amazon Pay,Completed,221
222,06-09-2024,3498,PayPal,Completed,222
223,17-11-2023,5548,Debit Card,Pending,223
224,06-01-2023,2550,Amazon Pay,Pending,224
225,02-08-2023,8898,Gift Card,Pending,225
226,13-05-2024,1601,Gift Card,Completed,226
227,20-06-2023,9562,PayPal,Completed,227
228,16-03-2023,5744,Debit Card,Pending,228
229,15-02-2024,4515,PayPal,Completed,229
230,11-09-2024,6896,Credit Card,Pending,230
231,08-05-2023,4254,PayPal,Completed,231
232,28-11-2023,3488,Amazon Pay,Completed,232
233,10-09-2023,2625,PayPal,Pending,233
234,24-11-2024,8024,Debit Card,Completed,234
235,29-02-2024,5712,Debit Card,Completed,235
236,14-01-2024,1647,Credit Card,Pending,236
237,20-05-2024,10962,Debit Card,Pending,237
238,13-09-2024,5761,Credit Card,Completed,238
239,22-06-2024,1020,PayPal,Pending,239
240,27-02-2024,2709,Gift Card,Completed,240
241,28-08-2024,5549,Debit Card,Completed,241
242,15-01-2024,10228,Gift Card,Completed,242
243,14-07-2024,8492,Gift Card,Pending,243
244,26-04-2023,7272,PayPal,Completed,244
245,09-02-2024,9533,PayPal,Pending,245
246,23-03-2024,2350,Amazon Pay,Pending,246
247,04-11-2023,4353,Debit Card,Pending,247
248,19-05-2023,7670,Credit Card,Pending,248
249,26-03-2024,6489,Debit Card,Completed,249
250,24-02-2024,12045,Gift Card,Pending,250
251,28-01-2024,7412,Debit Card,Completed,251
252,03-09-2023,10679,Amazon Pay,Completed,252
253,26-03-2024,5396,Debit Card,Pending,253
254,01-07-2024,9268,Gift Card,Completed,254
255,24-09-2024,15971,Debit Card,Pending,255
256,18-03-2024,9209,PayPal,Completed,256
257,27-02-2023,3025,Amazon Pay,Completed,257
258,16-06-2024,9133,Amazon Pay,Completed,258
259,02-12-2023,3977,Credit Card,Pending,259
260,19-01-2023,9642,Gift Card,Completed,260
261,08-05-2024,5450,Debit Card,Pending,261
262,10-09-2023,19098,Debit Card,Completed,262
263,07-04-2023,5420,Amazon Pay,Pending,263
264,14-06-2023,11947,Debit Card,Completed,264
265,08-07-2023,7545,Credit Card,Pending,265
266,21-12-2023,10881,Credit Card,Pending,266
267,12-10-2024,1179,Debit Card,Pending,267
268,13-01-2023,2981,PayPal,Completed,268
269,23-01-2023,1429,Credit Card,Pending,269
270,10-02-2023,4281,PayPal,Pending,270
271,11-12-2024,4579,Credit Card,Completed,271
272,24-02-2024,1640,PayPal,Pending,272
273,21-01-2024,1560,Credit Card,Completed,273
274,27-07-2024,1119,Credit Card,Pending,274
275,22-09-2023,9660,Amazon Pay,Completed,275
276,26-09-2024,18972,Gift Card,Pending,276
277,04-12-2023,4398,Credit Card,Completed,277
278,05-06-2023,4996,Credit Card,Completed,278
279,02-02-2024,3611,Amazon Pay,Pending,279
280,17-06-2024,6402,Credit Card,Pending,280
281,01-10-2024,8893,Debit Card,Completed,281
282,08-03-2023,4128,Credit Card,Completed,282
283,09-09-2023,4132,Debit Card,Pending,283
284,15-11-2023,6694,Amazon Pay,Pending,284
285,11-03-2023,2078,Amazon Pay,Pending,285
286,17-04-2023,7883,PayPal,Completed,286
287,04-05-2024,14272,Amazon Pay,Completed,287
288,04-08-2023,8655,Debit Card,Completed,288
289,09-02-2023,2668,Credit Card,Completed,289
290,14-02-2024,6535,Credit Card,Completed,290
291,26-05-2023,644,Debit Card,Pending,291
292,15-09-2024,9320,Credit Card,Completed,292
293,03-04-2023,2882,Gift Card,Completed,293
294,20-03-2023,7957,Amazon Pay,Completed,294
295,09-01-2024,1435,Debit Card,Completed,295
296,13-03-2024,3240,Debit Card,Pending,296
297,18-04-2023,343,PayPal,Pending,297
298,12-01-2023,4288,Gift Card,Pending,298
299,26-01-2024,9352,Gift Card,Pending,299
300,19-04-2024,12849,Debit Card,Completed,300
301,17-06-2023,2810,Gift Card,Pending,301
302,13-04-2024,2495,Gift Card,Pending,302
303,22-05-2023,1388,Credit Card,Completed,303
304,11-10-2023,4940,PayPal,Pending,304
305,28-06-2024,10051,Debit Card,Completed,305
306,20-12-2023,4813,Debit Card,Completed,306
307,04-10-2024,11372,Credit Card,Pending,307
308,28-01-2024,8482,Debit Card,Completed,308
309,26-03-2023,4170,Credit Card,Pending,309
310,27-07-2023,5301,PayPal,Pending,310
311,04-01-2023,3191,Credit Card,Pending,311
312,01-11-2023,544,Debit Card,Completed,312
313,29-05-2023,4709,Amazon Pay,Completed,313
314,27-03-2023,2168,Credit Card,Completed,314
315,07-02-2024,4628,Credit Card,Completed,315
316,10-03-2024,8884,Amazon Pay,Completed,316
317,06-01-2024,9165,Gift Card,Pending,317
318,18-04-2024,4701,Credit Card,Pending,318
319,02-11-2023,883,Gift Card,Pending,319
320,20-10-2024,555,Credit Card,Pending,320
321,07-08-2023,13486,Gift Card,Completed,321
322,16-02-2023,11375,Gift Card,Completed,322
323,01-03-2023,9342,Gift Card,Completed,323
324,04-06-2023,4030,Credit Card,Completed,324
325,17-11-2024,11936,Gift Card,Completed,325
326,27-10-2023,10932,Debit Card,Completed,326
327,26-03-2023,1244,Debit Card,Pending,327
328,11-04-2024,3915,Credit Card,Pending,328
329,10-02-2023,3918,Amazon Pay,Pending,329
330,07-08-2024,496,Gift Card,Completed,330
331,31-05-2023,2306,Gift Card,Completed,331
332,27-04-2024,5832,Amazon Pay,Pending,332
333,08-11-2023,2290,Debit Card,Pending,333
334,15-03-2024,15806,Credit Card,Pending,334
335,13-04-2024,11160,Debit Card,Pending,335
336,20-06-2023,4290,Gift Card,Pending,336
337,04-11-2024,2349,Amazon Pay,Pending,337
338,27-09-2023,1437,Gift Card,Pending,338
339,24-06-2024,10160,Gift Card,Pending,339
340,10-08-2023,275,Credit Card,Pending,340
341,29-12-2024,3136,Gift Card,Completed,341
342,23-01-2024,4587,Amazon Pay,Completed,342
343,29-09-2024,5808,Amazon Pay,Pending,343
344,14-03-2024,7378,Amazon Pay,Pending,344
345,25-04-2023,2340,Amazon Pay,Completed,345
346,24-05-2024,1637,Credit Card,Pending,346
347,04-04-2023,6328,Amazon Pay,Pending,347
348,26-11-2023,2759,Gift Card,Pending,348
349,01-07-2024,5091,Debit Card,Pending,349
350,15-09-2024,13594,Debit Card,Completed,350
351,20-07-2024,9403,Debit Card,Pending,351
352,09-03-2023,3492,Debit Card,Pending,352
353,22-01-2024,2192,Gift Card,Completed,353
354,03-09-2023,13507,PayPal,Pending,354
355,24-08-2023,9456,Debit Card,Pending,355
356,12-08-2023,7825,Credit Card,Pending,356
357,20-04-2024,11459,PayPal,Completed,357
358,26-06-2024,2672,Gift Card,Completed,358
359,02-09-2024,2112,Credit Card,Completed,359
360,17-03-2023,2806,Amazon Pay,Pending,360
361,20-09-2023,1944,Amazon Pay,Completed,361
362,16-05-2024,112,PayPal,Completed,362
363,11-02-2024,5253,Debit Card,Pending,363
364,24-07-2024,9474,Gift Card,Pending,364
365,25-05-2023,4545,Debit Card,Pending,365
366,11-06-2024,9646,Debit Card,Pending,366
367,10-02-2024,4701,Credit Card,Completed,367
368,12-02-2023,3639,Amazon Pay,Completed,368
369,20-12-2023,3695,Gift Card,Completed,369
370,01-11-2024,15969,Credit Card,Pending,370
371,28-12-2024,11077,PayPal,Pending,371
372,14-01-2024,9416,Credit Card,Pending,372
373,30-04-2023,620,Gift Card,Pending,373
374,25-02-2024,14086,Gift Card,Pending,374
375,27-02-2024,6263,Amazon Pay,Completed,375
376,05-04-2023,3595,Debit Card,Completed,376
377,07-07-2023,4704,PayPal,Completed,377
378,28-01-2024,13836,PayPal,Completed,378
379,02-03-2023,8449,Amazon Pay,Pending,379
380,13-01-2023,9289,Amazon Pay,Pending,380
381,05-08-2023,108,PayPal,Completed,381
382,01-02-2024,918,Debit Card,Pending,382
383,23-01-2024,8864,Gift Card,Pending,383
384,29-08-2023,15407,Gift Card,Completed,384
385,17-04-2023,6941,Amazon Pay,Completed,385
386,26-10-2023,10439,Gift Card,Pending,386
387,15-04-2024,4398,Credit Card,Pending,387
388,30-01-2023,2421,Credit Card,Completed,388
389,11-09-2024,4351,Gift Card,Completed,389
390,07-03-2023,9270,Gift Card,Pending,390
391,25-05-2024,513,Amazon Pay,Completed,391
392,21-08-2023,8028,PayPal,Completed,392
393,11-05-2023,3087,Credit Card,Completed,393
394,07-07-2024,2045,PayPal,Completed,394
395,15-04-2024,2814,Amazon Pay,Completed,395
396,27-07-2023,6688,Amazon Pay,Completed,396
397,15-08-2023,3700,Credit Card,Pending,397
398,01-07-2023,7389,Amazon Pay,Pending,398
399,26-05-2024,2871,Credit Card,Pending,399
400,07-05-2024,3220,Debit Card,Completed,400
401,05-05-2024,10925,PayPal,Pending,401
402,21-01-2023,13777,Debit Card,Completed,402
403,04-08-2023,5804,PayPal,Pending,403
404,11-12-2023,3688,Gift Card,Completed,404
405,25-07-2023,15591,Credit Card,Pending,405
406,02-11-2024,1945,Debit Card,Pending,406
407,08-04-2024,7310,Credit Card,Pending,407
408,09-12-2023,17992,Debit Card,Completed,408
409,14-05-2024,6736,Amazon Pay,Completed,409
410,21-08-2023,9342,Debit Card,Pending,410
411,04-10-2024,11343,Credit Card,Pending,411
412,20-04-2023,865,Debit Card,Completed,412
413,30-12-2023,5938,Gift Card,Completed,413
414,10-06-2024,7960,Credit Card,Pending,414
415,15-01-2024,9208,Debit Card,Pending,415
416,22-08-2024,2691,Debit Card,Pending,416
417,22-08-2023,3920,Credit Card,Completed,417
418,29-05-2023,14467,Debit Card,Completed,418
419,03-08-2024,6429,Debit Card,Completed,419
420,30-09-2024,9280,Credit Card,Pending,420
421,11-05-2024,10389,Debit Card,Pending,421
422,10-03-2023,7339,Amazon Pay,Completed,422
423,12-05-2023,9496,Credit Card,Pending,423
424,30-05-2023,714,Credit Card,Completed,424
425,25-01-2023,9969,Credit Card,Completed,425
426,19-05-2024,1168,Amazon Pay,Pending,426
427,28-03-2023,2769,Gift Card,Completed,427
428,08-06-2023,3764,Debit Card,Completed,428
429,20-05-2024,4846,Debit Card,Pending,429
430,10-07-2024,590,Credit Card,Completed,430
431,26-05-2024,5705,Debit Card,Pending,431
432,11-07-2023,7214,Debit Card,Completed,432
433,15-01-2024,6284,Debit Card,Pending,433
434,28-02-2023,17295,Credit Card,Completed,434
435,24-08-2023,11575,Debit Card,Completed,435
436,26-12-2024,2110,Amazon Pay,Pending,436
437,20-06-2023,6288,Credit Card,Completed,437
438,01-01-2023,5688,PayPal,Completed,438
439,24-01-2023,13008,Amazon Pay,Completed,439
440,14-03-2023,957,Debit Card,Completed,440
441,21-02-2023,6066,Credit Card,Pending,441
442,07-07-2024,12513,Credit Card,Pending,442
443,16-12-2024,284,Credit Card,Completed,443
444,11-12-2023,14095,Credit Card,Completed,444
445,04-07-2024,5523,Credit Card,Completed,445
446,29-08-2023,8716,Gift Card,Pending,446
447,08-04-2023,2902,Credit Card,Pending,447
448,29-04-2023,2424,Credit Card,Completed,448
449,13-07-2024,11470,Credit Card,Completed,449
450,14-02-2023,3457,Credit Card,Pending,450
451,17-04-2024,4966,PayPal,Completed,451
452,06-09-2024,546,PayPal,Completed,452
453,22-12-2024,330,Gift Card,Pending,453
454,18-06-2024,7434,Gift Card,Pending,454
455,17-07-2024,2866,Amazon Pay,Completed,455
456,19-06-2024,1898,Credit Card,Completed,456
457,03-04-2023,8415,Credit Card,Completed,457
458,21-12-2024,3201,Gift Card,Completed,458
459,13-07-2024,7739,Credit Card,Pending,459
460,31-07-2024,13103,Amazon Pay,Pending,460
461,10-08-2023,4421,PayPal,Completed,461
462,06-03-2024,9186,Credit Card,Completed,462
463,13-08-2023,3993,PayPal,Completed,463
464,18-08-2024,1210,PayPal,Completed,464
465,06-06-2023,3898,Credit Card,Pending,465
466,21-08-2024,4116,PayPal,Completed,466
467,18-03-2024,4633,Debit Card,Completed,467
468,21-03-2024,4881,Credit Card,Completed,468
469,01-03-2023,4149,Amazon Pay,Pending,469
470,25-02-2023,10124,Debit Card,Pending,470
471,15-05-2023,2528,Credit Card,Completed,471
472,09-01-2023,630,PayPal,Completed,472
473,09-10-2023,4832,Debit Card,Completed,473
474,07-09-2023,4148,Gift Card,Completed,474
475,29-05-2024,4410,Credit Card,Pending,475
476,04-01-2024,2388,Credit Card,Completed,476
477,27-02-2024,297,Gift Card,Completed,477
478,15-01-2024,2078,Gift Card,Completed,478
479,17-06-2023,4477,Credit Card,Pending,479
480,05-12-2024,11325,PayPal,Pending,480
481,11-04-2023,8070,Debit Card,Completed,481
482,28-04-2023,6444,Debit Card,Completed,482
483,08-08-2024,6214,Amazon Pay,Pending,483
484,24-06-2023,2546,PayPal,Pending,484
485,18-05-2024,10754,Amazon Pay,Completed,485
486,27-01-2023,4659,PayPal,Completed,486
487,02-03-2023,3344,Amazon Pay,Pending,487
488,15-04-2023,9204,Debit Card,Pending,488
489,28-03-2024,3680,Amazon Pay,Pending,489
490,12-10-2023,6020,Debit Card,Completed,490
491,28-12-2024,3684,PayPal,Completed,491
492,25-02-2023,6678,Debit Card,Pending,492
493,26-12-2023,1647,PayPal,Completed,493
494,24-12-2023,2701,Credit Card,Completed,494
495,02-07-2024,11656,Gift Card,Completed,495
496,15-01-2024,1329,Amazon Pay,Pending,496
497,14-08-2024,11047,Debit Card,Completed,497
498,07-03-2024,3565,PayPal,Completed,498
499,09-06-2023,4778,Gift Card,Pending,499
500,01-11-2023,5324,Gift Card,Pending,500
501,28-09-2024,5274,PayPal,Pending,501
502,13-03-2024,13978,PayPal,Pending,502
503,30-09-2024,958,PayPal,Pending,503
504,16-12-2023,9248,PayPal,Completed,504
505,21-06-2023,4793,Amazon Pay,Completed,505
506,30-08-2023,2904,Debit Card,Completed,506
507,02-07-2024,12219,Debit Card,Completed,507
508,29-05-2024,4654,Credit Card,Pending,508
509,19-02-2024,8380,Credit Card,Completed,509
510,21-08-2023,4404,Amazon Pay,Pending,510
511,05-05-2023,8797,PayPal,Pending,511
512,12-06-2024,10826,Debit Card,Pending,512
513,22-10-2024,6800,Debit Card,Pending,513
514,03-06-2023,16676,Amazon Pay,Pending,514
515,27-07-2024,2252,Debit Card,Completed,515
516,18-02-2024,1688,PayPal,Completed,516
517,27-08-2023,2019,Debit Card,Completed,517
518,09-01-2023,1518,Gift Card,Pending,518
519,11-03-2024,12864,Amazon Pay,Completed,519
520,20-10-2023,7866,Gift Card,Completed,520
521,12-03-2023,1017,PayPal,Pending,521
522,30-10-2024,800,Gift Card,Completed,522
523,21-06-2023,1777,Credit Card,Pending,523
524,11-07-2023,11727,Debit Card,Completed,524
525,21-04-2023,11802,Credit Card,Completed,525
526,07-06-2023,876,PayPal,Pending,526
527,01-09-2023,8444,Credit Card,Pending,527
528,27-05-2023,8688,Amazon Pay,Pending,528
529,08-01-2023,5417,Gift Card,Completed,529
530,13-05-2024,5881,Debit Card,Completed,530
531,02-06-2023,15854,Debit Card,Completed,531
532,25-10-2023,5730,PayPal,Pending,532
533,19-02-2023,895,PayPal,Pending,533
534,11-02-2024,9392,Gift Card,Pending,534
535,30-08-2023,2292,Gift Card,Pending,535
536,07-09-2023,1742,Amazon Pay,Pending,536
537,08-01-2023,10828,Amazon Pay,Completed,537
538,26-07-2023,3202,Gift Card,Completed,538
539,05-10-2024,8940,Gift Card,Pending,539
540,20-10-2024,5013,Amazon Pay,Pending,540
541,29-10-2024,8658,Gift Card,Pending,541
542,02-01-2024,10428,Gift Card,Pending,542
543,16-04-2024,10760,PayPal,Pending,543
544,05-06-2024,1343,Debit Card,Completed,544
545,14-08-2024,17550,Credit Card,Completed,545
546,22-08-2024,4115,PayPal,Completed,546
547,31-05-2024,2070,Debit Card,Completed,547
548,04-06-2024,10213,Credit Card,Completed,548
549,01-06-2023,3770,Debit Card,Pending,549
550,11-06-2023,3081,PayPal,Pending,550
551,05-08-2024,1642,Gift Card,Completed,551
552,25-08-2024,2874,Debit Card,Completed,552
553,07-04-2023,5901,Amazon Pay,Pending,553
554,21-02-2024,2620,PayPal,Completed,554
555,05-11-2023,3984,Debit Card,Pending,555
556,20-03-2024,5703,Gift Card,Completed,556
557,04-11-2023,5970,PayPal,Pending,557
558,22-08-2024,6320,PayPal,Pending,558
559,27-11-2024,3128,PayPal,Completed,559
560,02-01-2023,8738,Debit Card,Completed,560
561,13-02-2023,7487,Debit Card,Pending,561
562,24-06-2024,2304,Debit Card,Completed,562
563,01-08-2023,7280,Amazon Pay,Completed,563
564,25-11-2024,9595,Credit Card,Pending,564
565,10-08-2024,1418,Amazon Pay,Completed,565
566,28-01-2023,17520,Credit Card,Pending,566
567,26-11-2023,7478,Gift Card,Pending,567
568,21-02-2024,8415,Amazon Pay,Completed,568
569,29-06-2024,3760,Credit Card,Pending,569
570,14-07-2024,14359,Amazon Pay,Completed,570
571,28-03-2023,7430,Credit Card,Pending,571
572,05-06-2023,15524,Gift Card,Completed,572
573,01-08-2024,2261,Debit Card,Completed,573
574,04-10-2024,14459,Gift Card,Completed,574
575,09-04-2023,384,Debit Card,Pending,575
576,05-01-2023,1587,Gift Card,Completed,576
577,27-07-2023,13173,Debit Card,Pending,577
578,08-05-2023,2601,Debit Card,Completed,578
579,19-01-2024,5175,Amazon Pay,Pending,579
580,10-11-2024,7664,PayPal,Completed,580
581,10-12-2024,2206,Gift Card,Pending,581
582,01-06-2024,5621,PayPal,Pending,582
583,14-11-2023,8425,Debit Card,Pending,583
584,03-01-2023,1622,Credit Card,Completed,584
585,27-06-2024,10175,Amazon Pay,Pending,585
586,31-05-2024,3307,Credit Card,Pending,586
587,10-09-2024,1488,Credit Card,Completed,587
588,27-11-2023,3815,Credit Card,Completed,588
589,14-05-2024,5287,PayPal,Pending,589
590,14-01-2023,3770,Debit Card,Pending,590
591,13-06-2024,4895,PayPal,Pending,591
592,22-03-2023,3402,Debit Card,Pending,592
593,17-02-2024,3719,PayPal,Pending,593
594,29-11-2023,7974,Gift Card,Completed,594
595,14-02-2024,15608,Gift Card,Completed,595
596,24-09-2024,1740,Amazon Pay,Completed,596
597,31-05-2024,2925,Debit Card,Pending,597
598,20-12-2023,3448,Debit Card,Pending,598
599,06-10-2023,6588,Gift Card,Pending,599
600,04-05-2024,10012,Amazon Pay,Completed,600
601,23-04-2023,1777,Gift Card,Pending,601
602,10-06-2023,5094,Gift Card,Pending,602
603,20-01-2023,6496,Amazon Pay,Completed,603
604,20-07-2024,9001,Amazon Pay,Pending,604
605,24-05-2024,13012,Credit Card,Completed,605
606,22-05-2023,3175,Credit Card,Completed,606
607,13-07-2024,994,Debit Card,Pending,607
608,17-04-2023,2349,Gift Card,Completed,608
609,02-06-2023,5401,Amazon Pay,Pending,609
610,04-10-2024,2170,PayPal,Pending,610
611,12-05-2023,632,Gift Card,Completed,611
612,14-10-2023,5740,Debit Card,Completed,612
613,22-11-2023,1547,Gift Card,Completed,613
614,28-03-2024,6361,Amazon Pay,Completed,614
615,12-11-2024,12381,Gift Card,Pending,615
616,12-05-2023,12155,Debit Card,Pending,616
617,11-09-2024,16694,PayPal,Pending,617
618,31-01-2023,12317,Gift Card,Completed,618
619,10-04-2024,12396,Debit Card,Completed,619
620,28-02-2024,11499,Gift Card,Pending,620
621,23-12-2023,1103,Gift Card,Completed,621
622,08-10-2024,6928,Credit Card,Completed,622
623,14-10-2024,12240,Amazon Pay,Completed,623
624,16-12-2023,1509,Gift Card,Completed,624
625,21-07-2024,4808,Credit Card,Pending,625
626,18-01-2024,3391,Gift Card,Completed,626
627,06-02-2024,10189,Credit Card,Completed,627
628,15-08-2024,1170,Debit Card,Pending,628
629,12-11-2024,5596,Debit Card,Pending,629
630,26-05-2023,1187,Credit Card,Completed,630
631,30-07-2023,14342,PayPal,Completed,631
632,21-11-2024,1478,Credit Card,Completed,632
633,03-03-2023,10560,PayPal,Completed,633
634,25-09-2024,2572,Amazon Pay,Pending,634
635,12-10-2023,10914,Amazon Pay,Completed,635
636,20-07-2024,6946,Gift Card,Completed,636
637,10-05-2024,748,Gift Card,Pending,637
638,30-11-2023,3220,Amazon Pay,Completed,638
639,19-02-2023,6572,Gift Card,Pending,639
640,14-11-2024,768,Debit Card,Completed,640
641,03-03-2023,10046,Amazon Pay,Completed,641
642,01-01-2023,3267,PayPal,Pending,642
643,24-04-2023,1525,Gift Card,Pending,643
644,24-12-2024,8657,Gift Card,Pending,644
645,04-03-2024,14336,Amazon Pay,Pending,645
646,04-05-2024,2088,Amazon Pay,Pending,646
647,12-03-2023,3406,Amazon Pay,Completed,647
648,05-01-2023,1436,Debit Card,Pending,648
649,07-02-2023,396,Amazon Pay,Completed,649
650,09-04-2023,1329,Credit Card,Pending,650
651,10-08-2024,7364,Credit Card,Completed,651
652,17-03-2024,3804,Gift Card,Completed,652
653,28-01-2024,5980,Gift Card,Completed,653
654,04-07-2023,3488,Credit Card,Completed,654
655,24-06-2023,7049,Debit Card,Pending,655
656,05-11-2024,14365,PayPal,Pending,656
657,04-10-2024,13436,Amazon Pay,Pending,657
658,26-06-2023,12247,Debit Card,Pending,658
659,30-04-2023,14298,PayPal,Completed,659
660,12-10-2024,474,Credit Card,Pending,660
661,19-04-2023,3677,Debit Card,Completed,661
662,04-07-2024,4085,Debit Card,Completed,662
663,23-04-2024,16044,Credit Card,Pending,663
664,18-12-2023,9805,PayPal,Completed,664
665,27-08-2023,8185,Credit Card,Completed,665
666,29-10-2023,452,PayPal,Pending,666
667,01-11-2023,635,PayPal,Completed,667
668,25-10-2024,11626,Amazon Pay,Completed,668
669,17-11-2024,9788,Debit Card,Pending,669
670,14-05-2023,4825,Gift Card,Completed,670
671,10-05-2023,9145,Gift Card,Pending,671
672,15-01-2023,1495,Debit Card,Pending,672
673,05-01-2024,8973,Gift Card,Completed,673
674,22-06-2023,6255,Credit Card,Pending,674
675,31-12-2023,13172,Amazon Pay,Pending,675
676,28-11-2023,929,Gift Card,Completed,676
677,11-10-2024,8080,PayPal,Pending,677
678,05-08-2024,6610,Amazon Pay,Completed,678
679,29-04-2024,7177,Credit Card,Pending,679
680,18-05-2024,1566,Amazon Pay,Pending,680
681,25-07-2023,4184,Amazon Pay,Completed,681
682,18-05-2023,14755,Debit Card,Pending,682
683,03-09-2023,13445,PayPal,Pending,683
684,30-05-2024,4461,Credit Card,Completed,684
685,27-02-2023,4012,Amazon Pay,Completed,685
686,25-12-2024,7496,PayPal,Completed,686
687,31-07-2023,9320,Amazon Pay,Pending,687
688,05-11-2024,12779,Credit Card,Completed,688
689,15-08-2023,603,PayPal,Pending,689
690,29-03-2024,4460,Credit Card,Pending,690
691,23-01-2024,8527,Gift Card,Pending,691
692,10-08-2024,6682,Gift Card,Completed,692
693,22-10-2024,7695,Credit Card,Completed,693
694,23-03-2023,13186,Gift Card,Pending,694
695,11-12-2024,961,PayPal,Pending,695
696,24-12-2023,8463,PayPal,Pending,696
697,21-08-2024,7938,Gift Card,Completed,697
698,18-05-2024,11573,PayPal,Pending,698
699,21-01-2024,11708,PayPal,Pending,699
700,20-07-2023,12908,Credit Card,Pending,700
701,10-12-2024,3357,Amazon Pay,Completed,701
702,24-08-2024,1040,Gift Card,Completed,702
703,14-05-2024,9812,Debit Card,Pending,703
704,15-07-2023,6748,Credit Card,Pending,704
705,01-10-2024,5185,Debit Card,Completed,705
706,06-07-2024,5280,Gift Card,Pending,706
707,02-05-2024,335,Gift Card,Pending,707
708,14-10-2023,5995,Gift Card,Completed,708
709,13-03-2024,9280,PayPal,Pending,709
710,14-11-2023,4337,Amazon Pay,Pending,710
711,09-07-2023,5570,Gift Card,Completed,711
712,20-03-2024,2814,Gift Card,Completed,712
713,30-08-2024,9432,Debit Card,Completed,713
714,07-04-2023,4875,PayPal,Completed,714
715,04-09-2023,1816,Credit Card,Pending,715
716,06-06-2023,1938,Credit Card,Pending,716
717,19-06-2023,3068,Amazon Pay,Pending,717
718,18-06-2024,11594,Gift Card,Completed,718
719,13-07-2023,11794,Amazon Pay,Completed,719
720,08-01-2024,4302,Amazon Pay,Pending,720
721,21-05-2024,8340,Credit Card,Pending,721
722,07-04-2023,1311,Credit Card,Completed,722
723,04-01-2023,2128,Amazon Pay,Completed,723
724,16-01-2023,10518,Credit Card,Pending,724
725,17-04-2023,66,Gift Card,Pending,725
726,03-12-2024,10519,Credit Card,Completed,726
727,24-06-2024,3138,PayPal,Completed,727
728,29-07-2024,4552,Amazon Pay,Pending,728
729,05-04-2024,10093,Gift Card,Completed,729
730,09-07-2023,2963,PayPal,Pending,730
731,24-03-2023,5586,Credit Card,Pending,731
732,21-11-2024,7760,Debit Card,Pending,732
733,07-08-2023,2896,Credit Card,Pending,733
734,04-11-2024,4220,PayPal,Completed,734
735,03-05-2023,8723,Credit Card,Pending,735
736,07-04-2023,1346,PayPal,Pending,736
737,15-05-2023,3878,Amazon Pay,Completed,737
738,20-05-2023,3057,Credit Card,Pending,738
739,18-04-2024,3762,Credit Card,Pending,739
740,10-01-2023,1916,Debit Card,Pending,740
741,21-04-2023,4740,Gift Card,Completed,741
742,14-08-2024,476,Gift Card,Pending,742
743,08-06-2024,6000,Gift Card,Completed,743
744,20-07-2023,13694,PayPal,Pending,744
745,11-02-2024,15588,Gift Card,Pending,745
746,22-05-2023,19304,Amazon Pay,Pending,746
747,18-01-2023,11742,Credit Card,Pending,747
748,10-03-2023,5921,Debit Card,Completed,748
749,19-12-2024,6434,PayPal,Completed,749
750,28-08-2024,17581,Credit Card,Completed,750
751,10-10-2024,5236,Gift Card,Completed,751
752,05-09-2024,123,Debit Card,Pending,752
753,19-08-2023,15492,PayPal,Completed,753
754,12-08-2023,7416,Gift Card,Pending,754
755,04-03-2023,4805,Gift Card,Pending,755
756,21-01-2024,2212,Gift Card,Pending,756
757,27-06-2024,2378,Gift Card,Completed,757
758,17-11-2023,2752,Credit Card,Pending,758
759,13-02-2024,880,PayPal,Pending,759
760,27-04-2023,3420,Debit Card,Pending,760
761,07-08-2023,5883,Debit Card,Completed,761
762,19-09-2023,7082,Debit Card,Completed,762
763,09-04-2023,2649,Gift Card,Completed,763
764,14-05-2024,3580,Credit Card,Completed,764
765,03-04-2023,9049,Gift Card,Completed,765
766,24-09-2024,12554,Gift Card,Completed,766
767,07-11-2024,3126,Credit Card,Pending,767
768,06-05-2023,6060,Credit Card,Completed,768
769,17-02-2024,6655,Credit Card,Completed,769
770,14-10-2023,988,Debit Card,Pending,770
771,30-06-2023,944,Debit Card,Completed,771
772,18-10-2024,7948,PayPal,Pending,772
773,19-07-2023,4687,Debit Card,Completed,773
774,28-11-2023,8791,Debit Card,Pending,774
775,27-07-2024,21380,Debit Card,Completed,775
776,16-03-2024,2238,Credit Card,Completed,776
777,06-04-2024,3588,Gift Card,Pending,777
778,24-08-2023,6742,PayPal,Pending,778
779,23-08-2024,3188,Gift Card,Pending,779
780,30-06-2023,11172,Amazon Pay,Pending,780
781,25-12-2024,10736,Gift Card,Completed,781
782,10-10-2024,2520,Gift Card,Pending,782
783,02-01-2024,7902,Credit Card,Completed,783
784,27-03-2023,654,Debit Card,Completed,784
785,17-07-2024,15880,PayPal,Completed,785
786,28-09-2023,7265,PayPal,Pending,786
787,28-02-2023,432,Amazon Pay,Pending,787
788,02-01-2023,1965,Debit Card,Completed,788
789,24-03-2023,580,Debit Card,Completed,789
790,22-01-2023,2298,Debit Card,Completed,790
791,24-06-2024,3799,Gift Card,Completed,791
792,18-09-2024,2042,Amazon Pay,Completed,792
793,30-11-2024,178,PayPal,Completed,793
794,01-04-2024,9776,Amazon Pay,Completed,794
795,28-05-2023,5025,PayPal,Pending,795
796,27-10-2024,2556,Credit Card,Pending,796
797,01-05-2023,3213,Gift Card,Completed,797
798,22-10-2024,3642,Gift Card,Pending,798
799,07-12-2023,7464,Gift Card,Pending,799
800,30-09-2023,2724,PayPal,Completed,800
801,16-02-2024,6736,Gift Card,Completed,801
802,09-08-2024,3018,Gift Card,Completed,802
803,04-02-2024,8954,Debit Card,Pending,803
804,31-07-2023,5364,Debit Card,Pending,804
805,11-03-2024,2710,Amazon Pay,Completed,805
806,16-06-2023,5724,Debit Card,Completed,806
807,13-10-2023,6320,Credit Card,Pending,807
808,19-04-2023,8797,Debit Card,Pending,808
809,18-11-2024,2124,Credit Card,Pending,809
810,28-03-2023,6755,Debit Card,Pending,810
811,29-02-2024,7442,Credit Card,Pending,811
812,10-05-2024,90,Gift Card,Pending,812
813,05-06-2023,3471,PayPal,Completed,813
814,21-05-2023,3642,Credit Card,Completed,814
815,30-10-2024,3680,Amazon Pay,Pending,815
816,08-05-2023,1106,Gift Card,Pending,816
817,08-04-2024,1287,PayPal,Pending,817
818,07-02-2023,5920,Gift Card,Completed,818
819,13-01-2024,13792,Amazon Pay,Completed,819
820,18-11-2023,3099,Debit Card,Completed,820
821,14-05-2023,4910,Gift Card,Pending,821
822,27-07-2024,9225,Gift Card,Completed,822
823,24-07-2024,12856,Amazon Pay,Completed,823
824,25-05-2023,7615,Debit Card,Pending,824
825,10-06-2023,1809,Amazon Pay,Completed,825
826,28-02-2023,2760,Amazon Pay,Completed,826
827,24-08-2024,4381,Amazon Pay,Completed,827
828,26-09-2023,11598,PayPal,Completed,828
829,25-07-2023,2376,Debit Card,Pending,829
830,10-04-2023,5948,Credit Card,Completed,830
831,16-01-2023,7462,Credit Card,Pending,831
832,22-10-2023,6608,Debit Card,Completed,832
833,12-03-2023,1228,PayPal,Completed,833
834,26-02-2023,3770,Amazon Pay,Pending,834
835,30-05-2024,6201,Credit Card,Pending,835
836,30-11-2024,802,Debit Card,Pending,836
837,22-12-2024,7908,Debit Card,Completed,837
838,29-10-2023,10688,Amazon Pay,Completed,838
839,22-01-2023,544,PayPal,Pending,839
840,17-08-2024,5872,Debit Card,Pending,840
841,21-06-2023,5477,PayPal,Completed,841
842,19-09-2023,4103,Amazon Pay,Pending,842
843,01-10-2023,12161,Gift Card,Completed,843
844,10-04-2023,8528,Amazon Pay,Completed,844
845,06-02-2024,6808,Credit Card,Pending,845
846,23-09-2023,7182,Credit Card,Pending,846
847,29-11-2024,2870,Credit Card,Pending,847
848,13-04-2023,6029,Amazon Pay,Pending,848
849,22-09-2023,9175,Gift Card,Pending,849
850,27-04-2023,18736,Debit Card,Completed,850
851,04-11-2023,1538,Credit Card,Pending,851
852,10-05-2023,8100,PayPal,Completed,852
853,12-06-2023,14362,Gift Card,Pending,853
854,06-07-2024,8092,Gift Card,Pending,854
855,28-12-2023,5968,PayPal,Completed,855
856,19-05-2024,5724,Debit Card,Completed,856
857,09-09-2024,2736,Gift Card,Completed,857
858,27-07-2024,2567,Gift Card,Completed,858
859,07-06-2024,6506,Credit Card,Completed,859
860,11-10-2024,2080,Gift Card,Pending,860
861,13-07-2024,1363,PayPal,Completed,861
862,29-04-2023,7257,Gift Card,Pending,862
863,06-06-2024,10131,Credit Card,Pending,863
864,19-05-2024,712,Debit Card,Completed,864
865,03-08-2023,10413,PayPal,Completed,865
866,02-12-2024,7679,Credit Card,Pending,866
867,26-02-2024,5136,Credit Card,Completed,867
868,01-05-2024,2270,Credit Card,Completed,868
869,24-03-2023,5004,PayPal,Completed,869
870,16-01-2024,5064,Gift Card,Completed,870
871,23-07-2024,14535,Credit Card,Pending,871
872,11-04-2024,10714,Amazon Pay,Completed,872
873,30-12-2023,3005,PayPal,Pending,873
874,22-04-2024,4155,Debit Card,Pending,874
875,03-07-2023,8233,Gift Card,Pending,875
876,04-04-2023,7720,Amazon Pay,Completed,876
877,03-07-2024,2109,Amazon Pay,Completed,877
878,12-12-2024,612,Gift Card,Pending,878
879,27-04-2024,16839,Credit Card,Pending,879
880,13-07-2024,11040,Gift Card,Completed,880
881,20-03-2024,3174,Debit Card,Completed,881
882,21-08-2024,12757,Credit Card,Pending,882
883,25-03-2023,9792,PayPal,Completed,883
884,06-04-2023,4601,PayPal,Completed,884
885,30-10-2024,5937,Gift Card,Completed,885
886,18-12-2023,10583,Gift Card,Pending,886
887,05-02-2024,1770,Gift Card,Completed,887
888,10-04-2023,10888,Amazon Pay,Completed,888
889,18-04-2023,1062,PayPal,Completed,889
890,29-03-2024,5726,PayPal,Completed,890
891,19-08-2023,4296,Credit Card,Completed,891
892,19-05-2023,521,Debit Card,Completed,892
893,04-11-2023,1405,Amazon Pay,Completed,893
894,04-08-2024,1950,Credit Card,Completed,894
895,24-01-2024,357,PayPal,Completed,895
896,22-07-2023,10464,Gift Card,Completed,896
897,10-03-2023,815,Credit Card,Completed,897
898,28-09-2023,3993,Debit Card,Completed,898
899,13-11-2024,4819,Debit Card,Completed,899
900,22-01-2023,4391,Gift Card,Pending,900
901,09-02-2023,15606,Gift Card,Completed,901
902,04-02-2023,958,Credit Card,Pending,902
903,29-09-2023,1523,Gift Card,Pending,903
904,27-08-2024,1191,Gift Card,Pending,904
905,22-01-2024,12898,PayPal,Pending,905
906,21-07-2023,3362,Credit Card,Pending,906
907,12-07-2023,5864,Gift Card,Pending,907
908,07-07-2024,1497,Debit Card,Pending,908
909,04-06-2024,6068,Credit Card,Completed,909
910,14-01-2024,4265,Debit Card,Pending,910
911,12-09-2024,336,Credit Card,Completed,911
912,12-02-2023,5298,PayPal,Completed,912
913,30-08-2023,2048,Credit Card,Completed,913
914,11-01-2024,10302,Credit Card,Pending,914
915,11-09-2024,10486,Gift Card,Completed,915
916,16-10-2024,7653,Debit Card,Pending,916
917,26-12-2023,2901,Amazon Pay,Pending,917
918,22-06-2023,4070,Debit Card,Pending,918
919,26-02-2024,1823,Gift Card,Pending,919
920,27-09-2024,6992,Gift Card,Pending,920
921,10-08-2023,6171,Gift Card,Pending,921
922,08-09-2023,7396,Amazon Pay,Pending,922
923,22-10-2023,404,Amazon Pay,Completed,923
924,22-01-2024,1374,Amazon Pay,Completed,924
925,26-01-2023,7364,Amazon Pay,Pending,925
926,31-08-2023,4516,PayPal,Pending,926
927,19-05-2023,6280,Amazon Pay,Completed,927
928,11-07-2023,4020,Credit Card,Pending,928
929,13-03-2023,8615,Debit Card,Pending,929
930,09-09-2024,5740,Gift Card,Completed,930
931,09-03-2024,2809,PayPal,Pending,931
932,17-10-2024,2505,Amazon Pay,Completed,932
933,15-12-2024,14014,Amazon Pay,Completed,933
934,16-06-2024,18546,Debit Card,Pending,934
935,16-02-2023,7672,Debit Card,Pending,935
936,09-03-2023,9405,Debit Card,Pending,936
937,17-09-2024,3686,Gift Card,Completed,937
938,24-12-2024,9530,Debit Card,Completed,938
939,16-02-2023,5368,Gift Card,Pending,939
940,22-06-2024,5024,Debit Card,Completed,940
941,23-01-2023,5390,Amazon Pay,Completed,941
942,02-04-2024,2920,PayPal,Pending,942
943,22-06-2023,422,PayPal,Pending,943
944,20-08-2024,3184,Debit Card,Pending,944
945,25-06-2024,5094,Amazon Pay,Pending,945
946,16-06-2024,8714,Amazon Pay,Completed,946
947,27-03-2024,8308,Gift Card,Pending,947
948,06-12-2023,6736,Debit Card,Completed,948
949,16-08-2024,6295,Credit Card,Completed,949
950,22-09-2024,2715,Amazon Pay,Pending,950
951,14-05-2023,7321,PayPal,Pending,951
952,08-09-2024,10680,Amazon Pay,Completed,952
953,22-02-2024,9224,Debit Card,Completed,953
954,18-05-2023,6505,Debit Card,Completed,954
955,31-07-2023,7043,Amazon Pay,Pending,955
956,17-11-2024,11740,Gift Card,Pending,956
957,26-06-2023,14245,Gift Card,Completed,957
958,27-08-2023,280,PayPal,Pending,958
959,20-07-2024,1563,Credit Card,Pending,959
960,27-07-2024,6327,Debit Card,Completed,960
961,21-11-2023,1647,Credit Card,Completed,961
962,19-04-2023,2989,Debit Card,Pending,962
963,21-06-2023,5016,Debit Card,Completed,963
964,30-06-2024,8233,Amazon Pay,Completed,964
965,04-11-2024,3984,Amazon Pay,Pending,965
966,05-04-2024,210,Debit Card,Completed,966
967,13-07-2023,12433,Gift Card,Pending,967
968,06-07-2023,2696,PayPal,Completed,968
969,16-01-2024,10624,Gift Card,Pending,969
970,25-07-2023,4780,Gift Card,Completed,970
971,05-07-2023,14294,Amazon Pay,Pending,971
972,16-02-2024,270,Credit Card,Pending,972
973,30-11-2023,1881,Amazon Pay,Pending,973
974,03-05-2024,4072,PayPal,Pending,974
975,14-09-2024,1330,Debit Card,Completed,975
976,22-02-2024,8377,PayPal,Pending,976
977,06-12-2023,13659,Credit Card,Pending,977
978,01-06-2024,12454,Credit Card,Completed,978
979,10-04-2023,9045,Amazon Pay,Completed,979
980,31-08-2023,6370,Debit Card,Completed,980
981,09-10-2024,1340,PayPal,Completed,981
982,10-06-2023,4734,Debit Card,Pending,982
983,13-04-2023,7123,Credit Card,Pending,983
984,06-02-2023,16522,Gift Card,Completed,984
985,14-03-2024,9450,Debit Card,Completed,985
986,11-01-2024,5058,Gift Card,Pending,986
987,21-12-2023,7318,Gift Card,Completed,987
988,19-11-2023,2163,Gift Card,Pending,988
989,09-09-2023,10192,Gift Card,Completed,989
990,11-08-2024,2258,Credit Card,Pending,990
991,02-06-2023,77,PayPal,Completed,991
992,02-11-2024,1224,PayPal,Completed,992
993,10-05-2023,8027,Amazon Pay,Completed,993
994,16-11-2023,642,PayPal,Pending,994
995,26-12-2024,2040,Credit Card,Pending,995
996,20-05-2023,10890,Debit Card,Pending,996
997,04-03-2024,1366,Debit Card,Completed,997
998,19-04-2023,3911,Amazon Pay,Pending,998
999,14-09-2023,4248,Debit Card,Completed,999
1000,23-03-2023,90,Gift Card,Pending,1000
1001,23-04-2024,8681,Gift Card,Pending,1001
1002,05-11-2024,11458,Gift Card,Completed,1002
1003,28-08-2023,4047,Credit Card,Completed,1003
1004,27-11-2024,10565,Credit Card,Completed,1004
1005,25-06-2023,8503,Debit Card,Completed,1005
1006,24-09-2023,5860,Credit Card,Completed,1006
1007,30-08-2023,7323,Credit Card,Completed,1007
1008,24-09-2023,6935,Amazon Pay,Completed,1008
1009,30-04-2023,5380,Credit Card,Pending,1009
1010,12-08-2024,1060,Debit Card,Completed,1010
1011,11-03-2024,2703,Amazon Pay,Pending,1011
1012,05-08-2024,1808,Gift Card,Pending,1012
1013,19-02-2023,7821,Credit Card,Pending,1013
1014,29-11-2023,6584,Amazon Pay,Completed,1014
1015,22-10-2024,9524,Debit Card,Completed,1015
1016,02-06-2023,13604,Amazon Pay,Pending,1016
1017,06-02-2023,2352,Debit Card,Completed,1017
1018,16-04-2023,6585,PayPal,Completed,1018
1019,10-04-2023,13827,Debit Card,Completed,1019
1020,19-08-2024,5603,Gift Card,Pending,1020
1021,24-06-2023,6568,Credit Card,Completed,1021
1022,09-12-2024,2982,Debit Card,Pending,1022
1023,09-03-2024,6515,PayPal,Completed,1023
1024,21-09-2023,6196,Credit Card,Pending,1024
1025,15-07-2024,2798,PayPal,Pending,1025
1026,05-05-2024,5988,Credit Card,Pending,1026
1027,20-12-2023,3399,Amazon Pay,Completed,1027
1028,01-03-2023,13693,Gift Card,Completed,1028
1029,21-03-2023,2966,Amazon Pay,Pending,1029
1030,18-08-2023,10122,PayPal,Pending,1030
1031,05-08-2023,4758,Debit Card,Pending,1031
1032,28-02-2023,10278,Gift Card,Completed,1032
1033,02-09-2023,8247,Credit Card,Completed,1033
1034,24-08-2023,4674,Credit Card,Completed,1034
1035,24-03-2023,5228,PayPal,Pending,1035
1036,22-04-2023,1435,PayPal,Completed,1036
1037,29-09-2023,8079,PayPal,Completed,1037
1038,15-05-2023,815,Credit Card,Completed,1038
1039,24-04-2024,8197,Debit Card,Pending,1039
1040,02-11-2023,11220,PayPal,Completed,1040
1041,03-05-2023,3762,Credit Card,Pending,1041
1042,13-03-2023,8712,PayPal,Pending,1042
1043,08-07-2023,17180,Gift Card,Completed,1043
1044,08-11-2024,7986,Gift Card,Pending,1044
1045,18-06-2023,3107,Amazon Pay,Pending,1045
1046,23-07-2024,10404,Debit Card,Completed,1046
1047,18-06-2023,11568,Debit Card,Completed,1047
1048,07-04-2024,7104,Gift Card,Completed,1048
1049,23-02-2024,11946,Debit Card,Completed,1049
1050,16-04-2023,714,Debit Card,Pending,1050
1051,11-05-2023,3685,Amazon Pay,Pending,1051
1052,01-11-2023,10195,Gift Card,Pending,1052
1053,03-09-2023,612,PayPal,Completed,1053
1054,25-08-2024,1982,Amazon Pay,Completed,1054
1055,08-06-2023,4398,Amazon Pay,Pending,1055
1056,21-02-2023,6316,Credit Card,Completed,1056
1057,24-01-2024,5889,Gift Card,Pending,1057
1058,10-02-2023,8046,Amazon Pay,Pending,1058
1059,19-01-2024,11104,Credit Card,Pending,1059
1060,14-09-2024,15679,PayPal,Completed,1060
1061,27-12-2024,7115,Credit Card,Pending,1061
1062,20-07-2024,1930,Credit Card,Pending,1062
1063,14-03-2023,3532,Gift Card,Completed,1063
1064,10-03-2023,1214,Amazon Pay,Completed,1064
1065,08-02-2023,355,Amazon Pay,Completed,1065
1066,02-01-2024,5216,Debit Card,Completed,1066
1067,18-06-2024,17065,Credit Card,Completed,1067
1068,13-08-2023,3556,Amazon Pay,Completed,1068
1069,19-10-2024,6886,Credit Card,Pending,1069
1070,26-01-2023,12810,Debit Card,Pending,1070
1071,16-03-2024,1179,Debit Card,Completed,1071
1072,20-11-2024,14565,Gift Card,Pending,1072
1073,10-02-2023,7079,Debit Card,Pending,1073
1074,09-07-2024,6070,Gift Card,Completed,1074
1075,31-03-2023,788,Amazon Pay,Pending,1075
1076,04-09-2023,2700,Credit Card,Pending,1076
1077,03-08-2024,9132,Debit Card,Pending,1077
1078,03-06-2023,3562,Debit Card,Pending,1078
1079,29-05-2023,639,Credit Card,Completed,1079
1080,27-05-2023,8481,Gift Card,Completed,1080
1081,02-03-2024,6790,Gift Card,Completed,1081
1082,11-02-2024,5595,Debit Card,Pending,1082
1083,12-04-2024,639,Credit Card,Completed,1083
1084,11-01-2023,861,Gift Card,Pending,1084
1085,20-05-2024,7672,Gift Card,Completed,1085
1086,20-05-2023,2412,PayPal,Completed,1086
1087,17-06-2023,1367,Credit Card,Pending,1087
1088,22-06-2024,6023,Debit Card,Completed,1088
1089,03-05-2023,6127,Amazon Pay,Pending,1089
1090,10-03-2023,5952,Credit Card,Completed,1090
1091,14-07-2023,4296,Amazon Pay,Pending,1091
1092,28-10-2024,8060,Credit Card,Pending,1092
1093,16-07-2024,10913,Gift Card,Pending,1093
1094,26-06-2024,4653,Gift Card,Pending,1094
1095,03-10-2024,340,Amazon Pay,Completed,1095
1096,28-12-2023,680,Gift Card,Completed,1096
1097,19-02-2024,14880,Debit Card,Completed,1097
1098,21-07-2024,1466,Credit Card,Pending,1098
1099,20-04-2023,7022,Debit Card,Pending,1099
1100,04-04-2023,13011,PayPal,Completed,1100
1101,05-09-2023,3813,PayPal,Completed,1101
1102,14-10-2023,3372,Gift Card,Pending,1102
1103,10-09-2023,1420,Debit Card,Completed,1103
1104,10-10-2023,1344,PayPal,Pending,1104
1105,19-06-2023,1785,Amazon Pay,Completed,1105
1106,10-11-2023,7220,Amazon Pay,Pending,1106
1107,27-04-2024,22804,PayPal,Pending,1107
1108,15-06-2024,5990,Amazon Pay,Pending,1108
1109,29-04-2023,7512,Gift Card,Completed,1109
1110,23-12-2023,180,Debit Card,Pending,1110
1111,30-08-2023,2775,PayPal,Pending,1111
1112,04-11-2023,3384,PayPal,Pending,1112
1113,22-02-2023,4130,Credit Card,Pending,1113
1114,20-11-2023,3164,Amazon Pay,Completed,1114
1115,29-03-2024,15850,Debit Card,Completed,1115
1116,05-10-2024,1995,PayPal,Completed,1116
1117,10-06-2023,6605,Amazon Pay,Completed,1117
1118,28-06-2024,9950,Gift Card,Pending,1118
1119,22-12-2024,2073,Debit Card,Completed,1119
1120,22-12-2024,7230,Debit Card,Completed,1120
1121,03-11-2024,1700,Amazon Pay,Pending,1121
1122,11-07-2024,4203,PayPal,Pending,1122
1123,01-02-2024,8413,Debit Card,Pending,1123
1124,05-09-2023,12010,Debit Card,Pending,1124
1125,24-05-2024,8765,Credit Card,Completed,1125
1126,10-01-2024,921,PayPal,Pending,1126
1127,23-07-2024,6300,Amazon Pay,Pending,1127
1128,13-11-2024,4419,Credit Card,Completed,1128
1129,12-07-2023,6906,Credit Card,Pending,1129
1130,28-02-2023,5204,Debit Card,Pending,1130
1131,27-09-2024,4232,Credit Card,Completed,1131
1132,16-07-2023,2810,Credit Card,Completed,1132
1133,08-12-2024,12591,Amazon Pay,Completed,1133
1134,18-05-2024,1360,Amazon Pay,Completed,1134
1135,19-07-2024,8428,Credit Card,Completed,1135
1136,28-01-2023,1360,PayPal,Pending,1136
1137,01-03-2024,4702,Credit Card,Pending,1137
1138,16-10-2024,8935,Credit Card,Completed,1138
1139,15-06-2024,1584,Gift Card,Pending,1139
1140,18-02-2023,9532,Amazon Pay,Pending,1140
1141,12-11-2023,4275,Gift Card,Pending,1141
1142,16-07-2023,5808,PayPal,Completed,1142
1143,05-11-2023,3492,Amazon Pay,Completed,1143
1144,11-08-2023,3208,Credit Card,Pending,1144
1145,15-09-2023,1719,Debit Card,Completed,1145
1146,12-08-2023,2338,Debit Card,Pending,1146
1147,28-01-2024,1751,Debit Card,Pending,1147
1148,13-02-2023,6682,Credit Card,Pending,1148
1149,23-04-2023,8876,Amazon Pay,Completed,1149
1150,24-05-2023,12069,Credit Card,Pending,1150
1151,06-07-2023,7723,Debit Card,Completed,1151
1152,30-01-2024,1206,Amazon Pay,Completed,1152
1153,28-01-2024,11792,Debit Card,Pending,1153
1154,08-09-2024,11216,Credit Card,Completed,1154
1155,06-05-2023,5156,Amazon Pay,Pending,1155
1156,02-04-2023,7094,Credit Card,Completed,1156
1157,03-02-2024,3371,PayPal,Pending,1157
1158,02-08-2024,7862,PayPal,Completed,1158
1159,22-03-2023,3266,Gift Card,Completed,1159
1160,11-08-2024,11488,Debit Card,Completed,1160
1161,13-04-2023,8680,PayPal,Completed,1161
1162,18-01-2023,9506,Debit Card,Pending,1162
1163,13-11-2024,2394,Gift Card,Pending,1163
1164,27-08-2024,5935,Amazon Pay,Completed,1164
1165,30-10-2023,17561,Amazon Pay,Completed,1165
1166,21-05-2024,2757,Debit Card,Pending,1166
1167,04-09-2024,3321,Debit Card,Completed,1167
1168,15-07-2024,10053,PayPal,Pending,1168
1169,19-08-2024,2111,Debit Card,Pending,1169
1170,29-11-2023,1909,Credit Card,Completed,1170
1171,30-11-2023,11723,PayPal,Pending,1171
1172,29-06-2024,5985,PayPal,Pending,1172
1173,30-04-2024,1550,PayPal,Completed,1173
1174,01-03-2023,4748,Credit Card,Completed,1174
1175,17-12-2024,1437,Gift Card,Completed,1175
1176,28-08-2024,505,Debit Card,Pending,1176
1177,30-09-2023,899,Gift Card,Completed,1177
1178,25-06-2023,8256,Gift Card,Pending,1178
1179,03-07-2023,3356,Amazon Pay,Completed,1179
1180,13-09-2024,9380,Amazon Pay,Completed,1180
1181,31-01-2024,1732,Debit Card,Pending,1181
1182,30-03-2023,3565,Credit Card,Pending,1182
1183,27-01-2023,3880,Credit Card,Pending,1183
1184,05-07-2024,11688,PayPal,Pending,1184
1185,17-02-2024,3217,Credit Card,Completed,1185
1186,15-05-2023,5438,Gift Card,Pending,1186
1187,22-09-2023,7435,Amazon Pay,Completed,1187
1188,04-12-2023,10114,Gift Card,Completed,1188
1189,05-02-2024,458,PayPal,Pending,1189
1190,04-10-2024,3536,Debit Card,Completed,1190
1191,07-03-2024,9367,Amazon Pay,Pending,1191
1192,22-06-2024,6776,Amazon Pay,Completed,1192
1193,17-10-2023,10844,Credit Card,Completed,1193
1194,02-02-2024,3260,Debit Card,Completed,1194
1195,17-03-2024,10223,Amazon Pay,Completed,1195
1196,01-10-2024,8397,Debit Card,Pending,1196
1197,22-08-2023,9914,Amazon Pay,Pending,1197
1198,19-12-2023,8230,Debit Card,Completed,1198
1199,12-04-2023,1037,Credit Card,Pending,1199
1200,16-07-2023,3810,Gift Card,Pending,1200
1201,22-03-2024,1665,PayPal,Pending,1201
1202,31-07-2023,4940,Credit Card,Completed,1202
1203,08-03-2024,4113,Amazon Pay,Completed,1203
1204,15-04-2023,6960,Amazon Pay,Pending,1204
1205,08-10-2024,5392,Amazon Pay,Completed,1205
1206,22-02-2023,9352,Credit Card,Pending,1206
1207,30-05-2024,2076,Amazon Pay,Pending,1207
1208,30-01-2024,2163,Credit Card,Completed,1208
1209,13-01-2024,11110,Debit Card,Completed,1209
1210,11-12-2024,6113,Credit Card,Pending,1210
1211,03-06-2024,6568,Debit Card,Pending,1211
1212,18-03-2023,2096,PayPal,Pending,1212
1213,29-04-2023,1492,Gift Card,Pending,1213
1214,13-11-2024,1935,Credit Card,Completed,1214
1215,18-07-2023,2442,Gift Card,Pending,1215
1216,14-12-2023,2504,Amazon Pay,Completed,1216
1217,26-06-2024,5342,Gift Card,Pending,1217
1218,18-11-2023,6243,PayPal,Pending,1218
1219,15-12-2024,304,Gift Card,Pending,1219
1220,21-01-2024,12322,Amazon Pay,Completed,1220
1221,03-08-2023,7333,Debit Card,Pending,1221
1222,12-01-2023,9058,Debit Card,Completed,1222
1223,13-02-2023,2765,Amazon Pay,Pending,1223
1224,11-05-2023,10780,Amazon Pay,Pending,1224
1225,12-06-2023,5794,Credit Card,Completed,1225
1226,19-06-2023,3165,Debit Card,Pending,1226
1227,03-10-2024,14130,Credit Card,Completed,1227
1228,22-11-2024,10722,Debit Card,Completed,1228
1229,28-05-2024,10203,Credit Card,Pending,1229
1230,18-03-2023,10559,Credit Card,Pending,1230
1231,13-05-2024,7532,Credit Card,Completed,1231
1232,07-07-2023,4230,Amazon Pay,Completed,1232
1233,30-04-2024,5028,Gift Card,Completed,1233
1234,19-10-2024,5882,Debit Card,Pending,1234
1235,19-02-2024,11055,Debit Card,Completed,1235
1236,02-02-2023,6724,Gift Card,Completed,1236
1237,04-09-2023,5067,Gift Card,Completed,1237
1238,11-02-2024,11748,Debit Card,Completed,1238
1239,07-04-2024,10234,Credit Card,Completed,1239
1240,20-05-2023,5744,PayPal,Completed,1240
1241,22-02-2023,5329,Debit Card,Pending,1241
1242,03-02-2024,6849,Amazon Pay,Pending,1242
1243,25-01-2024,8491,PayPal,Completed,1243
1244,07-01-2024,12722,Credit Card,Completed,1244
1245,19-06-2024,2035,Gift Card,Pending,1245
1246,15-03-2023,2906,Amazon Pay,Pending,1246
1247,29-10-2023,6736,Gift Card,Completed,1247
1248,21-12-2024,4006,Gift Card,Pending,1248
1249,21-03-2024,11396,Amazon Pay,Completed,1249
1250,14-05-2024,396,Gift Card,Completed,1250
1251,31-12-2023,7537,Amazon Pay,Completed,1251
1252,31-05-2024,2646,Amazon Pay,Completed,1252
1253,06-09-2023,16545,Gift Card,Pending,1253
1254,15-04-2024,6525,Gift Card,Completed,1254
1255,28-03-2024,590,Amazon Pay,Pending,1255
1256,03-08-2023,8247,Credit Card,Completed,1256
1257,28-08-2024,3371,Amazon Pay,Completed,1257
1258,03-05-2024,1964,Amazon Pay,Completed,1258
1259,23-07-2023,6270,Amazon Pay,Pending,1259
1260,05-03-2024,11599,PayPal,Pending,1260
1261,01-01-2024,8420,Debit Card,Pending,1261
1262,01-11-2023,3784,PayPal,Pending,1262
1263,29-12-2024,5238,Credit Card,Completed,1263
1264,05-12-2023,6249,Gift Card,Completed,1264
1265,22-07-2023,3952,PayPal,Pending,1265
1266,06-01-2024,9357,Debit Card,Pending,1266
1267,12-02-2024,10562,Amazon Pay,Pending,1267
1268,30-11-2024,532,PayPal,Completed,1268
1269,17-07-2023,9825,Credit Card,Pending,1269
1270,10-01-2023,4586,Gift Card,Completed,1270
1271,27-07-2024,1862,PayPal,Completed,1271
1272,06-10-2023,5044,Credit Card,Pending,1272
1273,25-03-2023,4308,Debit Card,Completed,1273
1274,04-08-2023,11750,Credit Card,Pending,1274
1275,03-07-2023,1276,Debit Card,Pending,1275
1276,18-05-2024,2601,Debit Card,Pending,1276
1277,03-02-2024,14412,Credit Card,Pending,1277
1278,13-11-2023,7908,PayPal,Pending,1278
1279,21-03-2023,4359,Debit Card,Pending,1279
1280,06-04-2023,13266,Amazon Pay,Completed,1280
1281,03-05-2023,1926,Credit Card,Pending,1281
1282,03-03-2023,7288,Debit Card,Completed,1282
1283,14-05-2024,5795,Debit Card,Completed,1283
1284,29-05-2023,1037,PayPal,Pending,1284
1285,25-01-2024,9605,Gift Card,Completed,1285
1286,05-12-2023,1046,Amazon Pay,Completed,1286
1287,05-12-2024,7760,Amazon Pay,Pending,1287
1288,02-09-2023,9661,Debit Card,Completed,1288
1289,08-03-2023,4164,PayPal,Completed,1289
1290,16-09-2024,1214,Credit Card,Pending,1290
1291,16-03-2024,3442,Debit Card,Completed,1291
1292,08-10-2023,10552,Amazon Pay,Pending,1292
1293,24-07-2023,5984,Credit Card,Completed,1293
1294,22-06-2023,335,PayPal,Pending,1294
1295,13-09-2023,3907,Amazon Pay,Pending,1295
1296,16-10-2023,2641,Amazon Pay,Completed,1296
1297,28-07-2024,12193,Credit Card,Pending,1297
1298,09-01-2024,2538,PayPal,Pending,1298
1299,08-10-2024,8047,Credit Card,Completed,1299
1300,30-10-2023,595,Credit Card,Pending,1300
1301,26-07-2024,3529,Credit Card,Pending,1301
1302,09-02-2024,4236,PayPal,Pending,1302
1303,28-07-2023,6299,Amazon Pay,Completed,1303
1304,22-10-2023,3404,Credit Card,Completed,1304
1305,19-11-2024,5163,Debit Card,Completed,1305
1306,14-07-2024,9657,Gift Card,Completed,1306
1307,10-05-2023,11560,Debit Card,Completed,1307
1308,17-06-2024,7619,Credit Card,Completed,1308
1309,10-08-2023,158,PayPal,Completed,1309
1310,14-02-2024,7619,Gift Card,Pending,1310
1311,03-12-2023,12904,PayPal,Completed,1311
1312,28-07-2023,3777,Amazon Pay,Pending,1312
1313,12-01-2024,7508,Amazon Pay,Pending,1313
1314,05-04-2023,7430,PayPal,Completed,1314
1315,31-03-2023,3654,PayPal,Pending,1315
1316,23-02-2023,8735,Credit Card,Pending,1316
1317,15-10-2023,1262,PayPal,Completed,1317
1318,19-10-2024,3040,Amazon Pay,Pending,1318
1319,25-09-2023,2764,Debit Card,Pending,1319
1320,01-07-2023,10764,PayPal,Completed,1320
1321,28-12-2024,1838,Gift Card,Pending,1321
1322,16-05-2024,17715,Credit Card,Pending,1322
1323,15-03-2023,2115,Credit Card,Completed,1323
1324,05-01-2024,10056,Debit Card,Completed,1324
1325,04-04-2023,1098,PayPal,Pending,1325
1326,19-11-2023,319,Gift Card,Pending,1326
1327,26-07-2023,8200,Debit Card,Completed,1327
1328,29-03-2024,6720,Debit Card,Completed,1328
1329,27-08-2023,8936,Debit Card,Pending,1329
1330,20-11-2024,3761,PayPal,Completed,1330
1331,14-04-2023,9821,Gift Card,Completed,1331
1332,11-11-2023,1588,Amazon Pay,Completed,1332
1333,29-01-2023,4567,Debit Card,Completed,1333
1334,13-03-2024,2584,Credit Card,Completed,1334
1335,12-03-2023,388,Amazon Pay,Pending,1335
1336,14-07-2024,12788,Gift Card,Completed,1336
1337,15-08-2023,6124,PayPal,Pending,1337
1338,07-05-2023,858,Gift Card,Pending,1338
1339,21-07-2023,5484,Amazon Pay,Completed,1339
1340,18-06-2023,4580,Credit Card,Pending,1340
1341,01-07-2023,12813,Debit Card,Pending,1341
1342,07-12-2024,2874,Credit Card,Pending,1342
1343,04-04-2024,5975,Debit Card,Completed,1343
1344,14-01-2023,12946,Amazon Pay,Pending,1344
1345,05-01-2023,843,PayPal,Pending,1345
1346,10-09-2023,4184,Amazon Pay,Completed,1346
1347,24-09-2024,4307,Debit Card,Completed,1347
1348,16-11-2024,5562,Credit Card,Completed,1348
1349,12-12-2024,2322,Amazon Pay,Pending,1349
1350,26-06-2023,1094,Debit Card,Completed,1350
1351,08-04-2023,16971,Credit Card,Pending,1351
1352,05-06-2024,9210,Gift Card,Pending,1352
1353,04-06-2023,5813,PayPal,Pending,1353
1354,06-11-2024,1818,Gift Card,Completed,1354
1355,30-01-2024,1441,Gift Card,Pending,1355
1356,22-12-2024,3646,Debit Card,Completed,1356
1357,01-09-2023,1504,Credit Card,Pending,1357
1358,31-03-2023,17231,Debit Card,Pending,1358
1359,08-11-2024,7560,PayPal,Completed,1359
1360,30-10-2024,687,Credit Card,Pending,1360
1361,19-03-2024,12280,PayPal,Completed,1361
1362,29-06-2024,2390,Credit Card,Pending,1362
1363,25-09-2024,9138,Debit Card,Pending,1363
1364,11-06-2024,1660,Amazon Pay,Completed,1364
1365,06-02-2024,4672,Gift Card,Completed,1365
1366,07-03-2023,6805,Amazon Pay,Completed,1366
1367,12-10-2023,4356,Debit Card,Pending,1367
1368,21-01-2023,674,Gift Card,Completed,1368
1369,24-10-2023,4336,PayPal,Pending,1369
1370,19-12-2023,1613,Credit Card,Completed,1370
1371,17-10-2024,10033,Gift Card,Completed,1371
1372,24-12-2023,4932,Credit Card,Pending,1372
1373,19-03-2024,7895,Credit Card,Completed,1373
1374,08-11-2023,1860,Amazon Pay,Pending,1374
1375,11-07-2024,747,PayPal,Completed,1375
1376,13-05-2024,6525,Debit Card,Completed,1376
1377,08-02-2024,336,Debit Card,Completed,1377
1378,20-08-2023,4848,Amazon Pay,Pending,1378
1379,22-03-2024,4197,PayPal,Completed,1379
1380,10-04-2023,3931,Credit Card,Pending,1380
1381,14-08-2023,9281,Credit Card,Pending,1381
1382,03-04-2024,1684,Debit Card,Completed,1382
1383,20-05-2024,6682,Debit Card,Completed,1383
1384,22-01-2024,5664,Debit Card,Completed,1384
1385,28-06-2023,357,Debit Card,Pending,1385
1386,15-05-2024,9715,Gift Card,Completed,1386
1387,11-11-2023,1748,Debit Card,Completed,1387
1388,11-01-2023,11297,Credit Card,Pending,1388
1389,24-11-2023,5560,PayPal,Pending,1389
1390,26-08-2023,2766,Debit Card,Pending,1390
1391,01-07-2024,97,Debit Card,Pending,1391
1392,18-10-2024,790,Credit Card,Completed,1392
1393,22-12-2023,5922,Gift Card,Pending,1393
1394,27-09-2024,3604,PayPal,Pending,1394
1395,06-08-2023,2614,Credit Card,Pending,1395
1396,29-01-2023,17744,Debit Card,Completed,1396
1397,05-09-2023,10067,Amazon Pay,Pending,1397
1398,20-03-2024,4576,PayPal,Completed,1398
1399,13-07-2024,493,Debit Card,Pending,1399
1400,05-04-2024,3750,Credit Card,Completed,1400
1401,21-11-2023,3672,Credit Card,Pending,1401
1402,21-04-2024,1622,Credit Card,Pending,1402
1403,14-06-2024,7279,PayPal,Completed,1403
1404,05-08-2023,10552,Amazon Pay,Pending,1404
1405,11-10-2024,5388,PayPal,Completed,1405
1406,25-09-2024,7366,Debit Card,Pending,1406
1407,27-04-2023,6081,Gift Card,Pending,1407
1408,02-03-2024,6441,Debit Card,Pending,1408
1409,27-01-2024,7767,Amazon Pay,Completed,1409
1410,30-09-2024,3993,Debit Card,Pending,1410
1411,18-05-2024,5406,Credit Card,Completed,1411
1412,25-03-2023,11075,PayPal,Pending,1412
1413,12-06-2023,5973,Amazon Pay,Pending,1413
1414,07-07-2023,8438,Amazon Pay,Completed,1414
1415,16-08-2023,3576,Credit Card,Pending,1415
1416,18-03-2023,3723,Amazon Pay,Completed,1416
1417,18-05-2023,3917,Amazon Pay,Pending,1417
1418,09-03-2023,2430,Debit Card,Pending,1418
1419,05-11-2024,6210,Credit Card,Pending,1419
1420,06-11-2024,11188,Gift Card,Pending,1420
1421,04-11-2023,10034,Debit Card,Completed,1421
1422,11-07-2024,6974,Credit Card,Pending,1422
1423,25-10-2024,3178,Debit Card,Pending,1423
1424,05-10-2024,1431,Amazon Pay,Pending,1424
1425,08-12-2024,968,Gift Card,Pending,1425
1426,24-09-2023,10514,Gift Card,Pending,1426
1427,16-04-2023,9362,Amazon Pay,Pending,1427
1428,09-12-2024,3909,Debit Card,Completed,1428
1429,04-02-2024,3494,Credit Card,Pending,1429
1430,05-10-2023,9078,Credit Card,Completed,1430
1431,26-02-2023,6646,Debit Card,Pending,1431
1432,26-09-2024,2032,Debit Card,Completed,1432
1433,01-11-2024,6428,Credit Card,Pending,1433
1434,25-08-2023,6231,Credit Card,Completed,1434
1435,01-04-2023,1360,PayPal,Completed,1435
1436,19-08-2023,2037,Amazon Pay,Completed,1436
1437,27-11-2024,14538,Credit Card,Completed,1437
1438,06-03-2024,1750,Credit Card,Completed,1438
1439,06-12-2023,5818,Amazon Pay,Pending,1439
1440,21-07-2023,5490,Debit Card,Pending,1440
1441,16-06-2024,7783,Amazon Pay,Completed,1441
1442,18-06-2024,9299,Amazon Pay,Completed,1442
1443,03-03-2023,1898,Debit Card,Pending,1443
1444,19-12-2023,5855,Debit Card,Completed,1444
1445,28-05-2023,5422,Gift Card,Pending,1445
1446,11-01-2024,5388,Debit Card,Completed,1446
1447,20-09-2023,5136,Credit Card,Completed,1447
1448,07-12-2024,4008,Amazon Pay,Pending,1448
1449,23-03-2024,2064,Debit Card,Pending,1449
1450,12-01-2023,6386,PayPal,Pending,1450
1451,14-06-2023,3496,PayPal,Pending,1451
1452,28-11-2023,4421,Gift Card,Completed,1452
1453,08-05-2023,4894,Debit Card,Completed,1453
1454,18-02-2024,11577,Credit Card,Pending,1454
1455,01-10-2023,420,Credit Card,Pending,1455
1456,02-04-2023,1329,Credit Card,Pending,1456
1457,16-04-2023,18299,Amazon Pay,Completed,1457
1458,24-04-2024,1071,PayPal,Completed,1458
1459,18-07-2023,1324,Debit Card,Pending,1459
1460,22-03-2023,12836,Credit Card,Pending,1460
1461,26-01-2023,2575,Gift Card,Pending,1461
1462,18-06-2024,7573,Amazon Pay,Pending,1462
1463,13-11-2023,930,Credit Card,Completed,1463
1464,26-12-2024,8235,Credit Card,Pending,1464
1465,30-12-2024,3567,Gift Card,Pending,1465
1466,01-12-2023,10632,Credit Card,Pending,1466
1467,17-07-2023,1536,Debit Card,Pending,1467
1468,09-10-2024,7044,Credit Card,Completed,1468
1469,17-06-2024,11812,Credit Card,Pending,1469
1470,24-04-2023,1966,PayPal,Pending,1470
1471,06-01-2024,5447,Credit Card,Completed,1471
1472,16-12-2024,7203,Debit Card,Completed,1472
1473,18-09-2024,3508,Gift Card,Pending,1473
1474,02-03-2024,2124,Gift Card,Pending,1474
1475,06-04-2023,8164,Credit Card,Completed,1475
1476,07-04-2023,3263,PayPal,Pending,1476
1477,23-05-2023,8370,Debit Card,Completed,1477
1478,21-05-2024,4592,Debit Card,Completed,1478
1479,05-11-2024,4811,Debit Card,Completed,1479
1480,25-08-2023,4224,Credit Card,Completed,1480
1481,01-12-2023,6839,Debit Card,Completed,1481
1482,27-06-2023,841,Gift Card,Pending,1482
1483,24-04-2024,15670,Debit Card,Pending,1483
1484,06-02-2023,12574,Debit Card,Completed,1484
1485,06-01-2024,15073,Gift Card,Completed,1485
1486,12-10-2024,1275,Amazon Pay,Completed,1486
1487,16-08-2024,7342,Credit Card,Pending,1487
1488,05-06-2024,9300,Credit Card,Pending,1488
1489,06-12-2024,5491,Gift Card,Pending,1489
1490,28-05-2023,10459,Gift Card,Pending,1490
1491,25-04-2023,5714,PayPal,Completed,1491
1492,27-01-2023,9028,Amazon Pay,Pending,1492
1493,07-06-2023,11368,Amazon Pay,Completed,1493
1494,14-05-2024,1331,PayPal,Pending,1494
1495,10-10-2023,10278,Amazon Pay,Pending,1495
1496,04-03-2024,796,Debit Card,Pending,1496
1497,01-01-2024,12737,Debit Card,Pending,1497
1498,27-07-2023,5490,PayPal,Pending,1498
1499,26-12-2023,8504,Amazon Pay,Pending,1499
1500,04-01-2023,6800,Debit Card,Completed,1500
1501,02-02-2024,9848,Gift Card,Pending,1501
1502,29-05-2023,8358,Debit Card,Completed,1502
1503,26-11-2024,303,Debit Card,Pending,1503
1504,16-10-2024,1288,Amazon Pay,Pending,1504
1505,28-01-2023,3522,PayPal,Completed,1505
1506,14-10-2023,7993,Debit Card,Completed,1506
1507,02-12-2023,4881,Debit Card,Pending,1507
1508,27-12-2023,3638,Debit Card,Completed,1508
1509,24-06-2024,1785,Credit Card,Completed,1509
1510,12-10-2023,2176,Credit Card,Completed,1510
1511,03-02-2023,5700,Debit Card,Pending,1511
1512,13-02-2024,11764,Debit Card,Completed,1512
1513,02-12-2023,7344,PayPal,Pending,1513
1514,03-04-2024,1935,Gift Card,Pending,1514
1515,03-11-2024,5932,Debit Card,Completed,1515
1516,18-12-2024,4336,Credit Card,Pending,1516
1517,19-05-2023,6546,Debit Card,Completed,1517
1518,26-06-2023,17980,Credit Card,Pending,1518
1519,07-06-2023,8733,Amazon Pay,Pending,1519
1520,02-07-2024,8267,Gift Card,Pending,1520
1521,13-04-2024,3174,Credit Card,Pending,1521
1522,15-06-2023,2428,Debit Card,Completed,1522
1523,28-06-2023,1920,PayPal,Pending,1523
1524,16-12-2024,18059,PayPal,Pending,1524
1525,12-02-2023,4338,Debit Card,Completed,1525
1526,06-10-2024,506,Gift Card,Completed,1526
1527,16-03-2023,12447,PayPal,Pending,1527
1528,13-04-2023,6123,Credit Card,Pending,1528
1529,21-03-2023,10717,PayPal,Completed,1529
1530,04-05-2024,2793,PayPal,Pending,1530
1531,11-01-2024,1912,Credit Card,Completed,1531
1532,25-01-2023,7960,Gift Card,Completed,1532
1533,04-05-2024,6283,Credit Card,Completed,1533
1534,21-06-2023,8286,Debit Card,Completed,1534
1535,26-12-2024,45,Gift Card,Completed,1535
1536,03-02-2024,5892,Gift Card,Pending,1536
1537,10-07-2023,1195,PayPal,Completed,1537
1538,06-07-2024,2109,Gift Card,Completed,1538
1539,01-11-2024,11331,PayPal,Pending,1539
1540,12-11-2024,15577,Debit Card,Pending,1540
1541,12-01-2023,9558,Amazon Pay,Pending,1541
1542,30-08-2023,30,Credit Card,Completed,1542
1543,30-04-2023,1089,PayPal,Pending,1543
1544,17-03-2023,1992,Amazon Pay,Completed,1544
1545,11-04-2024,4549,Credit Card,Completed,1545
1546,16-07-2024,7539,Debit Card,Pending,1546
1547,26-08-2023,7018,Debit Card,Completed,1547
1548,17-08-2023,2979,Gift Card,Pending,1548
1549,17-02-2024,5480,Credit Card,Pending,1549
1550,18-02-2024,7160,Debit Card,Completed,1550
1551,28-07-2024,6256,Gift Card,Pending,1551
1552,10-10-2023,2354,Debit Card,Pending,1552
1553,18-09-2023,5808,Debit Card,Completed,1553
1554,03-04-2024,5190,Gift Card,Pending,1554
1555,26-06-2023,1012,Debit Card,Completed,1555
1556,04-02-2023,1195,Debit Card,Completed,1556
1557,16-02-2023,1496,PayPal,Pending,1557
1558,08-08-2024,5700,Credit Card,Completed,1558
1559,05-02-2024,17622,Debit Card,Completed,1559
1560,01-08-2023,7933,Gift Card,Completed,1560
1561,24-11-2024,3818,Gift Card,Pending,1561
1562,15-07-2024,13037,Credit Card,Completed,1562
1563,03-11-2024,3352,Credit Card,Pending,1563
1564,14-04-2024,1026,Amazon Pay,Completed,1564
1565,05-12-2023,1649,Credit Card,Pending,1565
1566,15-01-2023,14858,PayPal,Pending,1566
1567,19-10-2024,6894,Debit Card,Completed,1567
1568,11-11-2023,1701,PayPal,Pending,1568
1569,12-08-2023,6684,Credit Card,Pending,1569
1570,07-05-2024,6768,PayPal,Completed,1570
1571,30-11-2023,9049,Debit Card,Completed,1571
1572,05-10-2024,3234,Debit Card,Pending,1572
1573,17-11-2024,8696,Gift Card,Pending,1573
1574,25-07-2024,6545,Credit Card,Pending,1574
1575,20-02-2024,10112,Credit Card,Pending,1575
1576,20-08-2024,4412,Debit Card,Pending,1576
1577,28-01-2023,2852,Amazon Pay,Pending,1577
1578,17-07-2023,5527,Gift Card,Completed,1578
1579,17-12-2024,1083,PayPal,Completed,1579
1580,26-08-2024,3585,Debit Card,Completed,1580
1581,24-02-2023,519,Gift Card,Pending,1581
1582,21-05-2024,2393,Credit Card,Pending,1582
1583,11-04-2024,5013,Gift Card,Pending,1583
1584,29-05-2023,933,Gift Card,Pending,1584
1585,31-07-2023,3870,Gift Card,Pending,1585
1586,23-08-2023,1572,Gift Card,Pending,1586
1587,29-08-2024,7662,PayPal,Pending,1587
1588,18-10-2024,6669,Amazon Pay,Pending,1588
1589,12-12-2024,3466,Amazon Pay,Pending,1589
1590,06-11-2023,2542,Debit Card,Pending,1590
1591,26-12-2023,918,Amazon Pay,Pending,1591
1592,06-07-2024,670,Gift Card,Pending,1592
1593,30-08-2023,4695,PayPal,Completed,1593
1594,20-10-2024,1846,Credit Card,Completed,1594
1595,24-03-2024,4302,PayPal,Pending,1595
1596,02-11-2023,6730,PayPal,Pending,1596
1597,25-10-2023,12208,PayPal,Pending,1597
1598,20-05-2024,3993,Amazon Pay,Completed,1598
1599,14-03-2023,1086,Debit Card,Pending,1599
1600,25-05-2024,4055,Debit Card,Completed,1600
1601,23-05-2024,11358,Amazon Pay,Completed,1601
1602,23-11-2023,4563,PayPal,Completed,1602
1603,16-07-2023,2308,Credit Card,Completed,1603
1604,06-01-2023,5812,Credit Card,Completed,1604
1605,16-10-2023,7545,Amazon Pay,Pending,1605
1606,15-12-2023,9587,PayPal,Completed,1606
1607,04-04-2024,3388,Debit Card,Pending,1607
1608,25-02-2024,7458,PayPal,Completed,1608
1609,20-07-2024,1779,Credit Card,Completed,1609
1610,06-07-2023,5628,Gift Card,Completed,1610
1611,11-12-2024,10175,PayPal,Completed,1611
1612,16-04-2024,5069,Amazon Pay,Pending,1612
1613,24-11-2024,5881,Gift Card,Completed,1613
1614,05-02-2023,1179,Amazon Pay,Completed,1614
1615,13-07-2024,7602,PayPal,Completed,1615
1616,10-12-2023,8270,PayPal,Pending,1616
1617,23-06-2024,1530,PayPal,Pending,1617
1618,17-11-2023,7568,Gift Card,Completed,1618
1619,22-09-2023,1274,Debit Card,Pending,1619
1620,06-10-2023,7986,PayPal,Completed,1620
1621,08-06-2024,5420,Credit Card,Completed,1621
1622,12-09-2023,14892,Debit Card,Pending,1622
1623,23-05-2023,1122,PayPal,Pending,1623
1624,14-05-2023,3960,PayPal,Completed,1624
1625,21-05-2023,3845,Debit Card,Completed,1625
1626,17-02-2024,5645,Debit Card,Pending,1626
1627,14-09-2024,1992,Debit Card,Pending,1627
1628,01-07-2024,8261,Credit Card,Pending,1628
1629,20-01-2023,230,Amazon Pay,Completed,1629
1630,29-04-2024,1701,Amazon Pay,Pending,1630
1631,23-08-2024,15451,PayPal,Completed,1631
1632,22-12-2024,4628,Credit Card,Completed,1632
1633,01-04-2023,3069,Amazon Pay,Completed,1633
1634,12-09-2024,1881,Gift Card,Pending,1634
1635,13-12-2023,5454,PayPal,Pending,1635
1636,15-02-2024,8899,Gift Card,Pending,1636
1637,09-05-2023,7040,Amazon Pay,Completed,1637
1638,12-09-2023,6219,Gift Card,Completed,1638
1639,16-11-2023,1198,PayPal,Completed,1639
1640,28-05-2023,8743,Debit Card,Pending,1640
1641,05-03-2023,10286,Debit Card,Completed,1641
1642,04-04-2023,3165,PayPal,Pending,1642
1643,13-12-2024,18220,Credit Card,Completed,1643
1644,17-08-2023,2722,PayPal,Pending,1644
1645,24-01-2024,8788,Gift Card,Completed,1645
1646,22-04-2023,10438,Amazon Pay,Pending,1646
1647,30-06-2023,14688,Credit Card,Completed,1647
1648,07-11-2024,1887,PayPal,Completed,1648
1649,31-03-2023,1033,Gift Card,Pending,1649
1650,24-06-2024,560,Credit Card,Pending,1650
1651,31-10-2023,3960,Credit Card,Pending,1651
1652,15-01-2024,1050,Debit Card,Completed,1652
1653,11-03-2024,4835,Credit Card,Pending,1653
1654,12-07-2024,15536,Gift Card,Pending,1654
1655,26-10-2024,1939,Debit Card,Pending,1655
1656,07-10-2023,1550,Debit Card,Pending,1656
1657,22-10-2024,2864,Credit Card,Completed,1657
1658,07-05-2023,384,Credit Card,Pending,1658
1659,14-10-2024,11155,Credit Card,Pending,1659
1660,31-07-2024,5390,Debit Card,Pending,1660
1661,10-04-2023,1684,Credit Card,Completed,1661
1662,21-03-2024,7639,PayPal,Pending,1662
1663,24-02-2024,16732,Debit Card,Completed,1663
1664,24-06-2023,3826,Gift Card,Completed,1664
1665,27-07-2023,11203,Debit Card,Pending,1665
1666,15-10-2023,9088,PayPal,Pending,1666
1667,08-09-2023,8568,Debit Card,Completed,1667
1668,17-05-2024,2324,Gift Card,Pending,1668
1669,18-03-2023,6597,Credit Card,Pending,1669
1670,26-01-2023,15717,Gift Card,Pending,1670
1671,06-04-2023,11170,Credit Card,Completed,1671
1672,03-07-2023,2374,Gift Card,Completed,1672
1673,26-02-2023,398,Amazon Pay,Pending,1673
1674,25-04-2023,8391,PayPal,Completed,1674
1675,28-03-2024,3507,PayPal,Completed,1675
1676,18-06-2023,4562,Debit Card,Pending,1676
1677,19-10-2023,8644,Debit Card,Completed,1677
1678,24-10-2024,6557,PayPal,Pending,1678
1679,15-07-2024,10516,Gift Card,Pending,1679
1680,17-06-2023,5628,Amazon Pay,Pending,1680
1681,10-11-2023,9342,Gift Card,Pending,1681
1682,28-05-2023,2284,PayPal,Completed,1682
1683,10-08-2024,3852,PayPal,Pending,1683
1684,07-12-2024,12263,Gift Card,Pending,1684
1685,12-07-2024,4312,PayPal,Completed,1685
1686,16-12-2024,6284,Debit Card,Pending,1686
1687,01-01-2023,2171,Gift Card,Pending,1687
1688,01-08-2023,408,Credit Card,Completed,1688
1689,16-03-2024,8976,Gift Card,Completed,1689
1690,15-05-2023,584,Credit Card,Pending,1690
1691,12-02-2024,6955,Debit Card,Pending,1691
1692,29-03-2024,11211,Gift Card,Pending,1692
1693,06-11-2023,7765,Credit Card,Pending,1693
1694,15-03-2023,790,Debit Card,Completed,1694
1695,01-02-2023,7125,Amazon Pay,Pending,1695
1696,09-02-2024,8850,PayPal,Pending,1696
1697,10-11-2023,3840,Debit Card,Pending,1697
1698,08-04-2024,748,Debit Card,Pending,1698
1699,12-07-2024,1415,Gift Card,Completed,1699
1700,25-01-2024,8262,PayPal,Completed,1700
1701,16-12-2023,6103,Debit Card,Completed,1701
1702,28-07-2024,12800,Gift Card,Completed,1702
1703,12-06-2023,17848,Gift Card,Pending,1703
1704,06-09-2023,5373,Credit Card,Pending,1704
1705,09-11-2024,4705,Amazon Pay,Completed,1705
1706,26-02-2023,1453,Gift Card,Completed,1706
1707,22-06-2023,1815,PayPal,Pending,1707
1708,27-11-2023,8262,PayPal,Completed,1708
1709,21-06-2023,4112,Credit Card,Pending,1709
1710,07-01-2024,1476,Gift Card,Completed,1710
1711,16-10-2024,2203,Gift Card,Completed,1711
1712,05-08-2024,1422,Debit Card,Completed,1712
1713,05-10-2024,958,Gift Card,Pending,1713
1714,26-11-2024,3816,Amazon Pay,Pending,1714
1715,23-07-2023,152,Gift Card,Completed,1715
1716,31-01-2023,2230,PayPal,Pending,1716
1717,29-01-2024,8253,Credit Card,Completed,1717
1718,13-05-2023,11458,Credit Card,Pending,1718
1719,13-04-2024,8681,Gift Card,Completed,1719
1720,30-03-2024,880,Amazon Pay,Completed,1720
1721,21-10-2024,10710,Amazon Pay,Pending,1721
1722,14-11-2024,10135,PayPal,Completed,1722
1723,04-05-2024,3900,Gift Card,Completed,1723
1724,10-04-2023,3226,Amazon Pay,Pending,1724
1725,09-09-2024,1726,Credit Card,Completed,1725
1726,25-05-2023,6715,Amazon Pay,Pending,1726
1727,23-02-2024,11364,Credit Card,Pending,1727
1728,28-08-2024,3336,Amazon Pay,Completed,1728
1729,05-03-2023,13464,Debit Card,Completed,1729
1730,08-10-2024,1807,Amazon Pay,Completed,1730
1731,14-03-2024,6389,PayPal,Pending,1731
1732,06-11-2023,5076,Credit Card,Pending,1732
1733,12-01-2024,1315,Gift Card,Pending,1733
1734,19-03-2023,6282,PayPal,Pending,1734
1735,08-10-2023,1058,Gift Card,Pending,1735
1736,12-04-2024,7459,Credit Card,Pending,1736
1737,24-11-2023,8223,Debit Card,Completed,1737
1738,03-12-2023,1167,Credit Card,Completed,1738
1739,06-12-2023,5549,PayPal,Completed,1739
1740,23-07-2024,2725,Amazon Pay,Pending,1740
1741,19-06-2023,5591,Amazon Pay,Completed,1741
1742,11-10-2024,584,Amazon Pay,Pending,1742
1743,17-09-2024,7416,Credit Card,Completed,1743
1744,25-06-2023,5766,Debit Card,Pending,1744
1745,17-09-2023,5322,Gift Card,Pending,1745
1746,24-09-2023,9690,Amazon Pay,Pending,1746
1747,03-01-2023,18292,Amazon Pay,Pending,1747
1748,20-01-2024,9980,Amazon Pay,Pending,1748
1749,04-02-2024,119,Credit Card,Pending,1749
1750,03-03-2023,8755,Credit Card,Pending,1750
1751,27-01-2023,5659,Amazon Pay,Pending,1751
1752,14-12-2024,7618,Amazon Pay,Completed,1752
1753,19-03-2024,1701,Credit Card,Pending,1753
1754,09-11-2023,8126,PayPal,Pending,1754
1755,02-08-2023,1968,Debit Card,Completed,1755
1756,10-04-2024,13738,Gift Card,Pending,1756
1757,25-08-2024,1662,Gift Card,Completed,1757
1758,25-03-2023,6328,Amazon Pay,Pending,1758
1759,17-09-2023,3702,Credit Card,Pending,1759
1760,10-06-2024,7727,Gift Card,Pending,1760
1761,29-12-2024,8667,Amazon Pay,Pending,1761
1762,14-10-2024,1828,Gift Card,Completed,1762
1763,07-01-2024,12999,PayPal,Completed,1763
1764,19-11-2024,5545,Gift Card,Completed,1764
1765,29-08-2023,7158,Credit Card,Completed,1765
1766,08-04-2023,1390,Amazon Pay,Pending,1766
1767,29-12-2023,5046,Debit Card,Pending,1767
1768,09-07-2023,10960,Amazon Pay,Pending,1768
1769,23-08-2024,2958,PayPal,Completed,1769
1770,14-09-2023,1290,Gift Card,Pending,1770
1771,26-12-2023,6230,Amazon Pay,Pending,1771
1772,12-03-2023,30,Gift Card,Pending,1772
1773,04-11-2024,1536,Debit Card,Pending,1773
1774,04-09-2023,4486,PayPal,Completed,1774
1775,12-05-2023,2605,Amazon Pay,Pending,1775
1776,31-08-2024,108,Amazon Pay,Pending,1776
1777,17-12-2024,211,Amazon Pay,Completed,1777
1778,07-04-2023,11287,Gift Card,Completed,1778
1779,19-10-2023,6196,Amazon Pay,Pending,1779
1780,05-06-2023,15769,Credit Card,Completed,1780
1781,29-06-2023,2516,Amazon Pay,Pending,1781
1782,27-09-2024,18641,Debit Card,Completed,1782
1783,21-12-2024,5944,Gift Card,Completed,1783
1784,20-01-2023,2641,Gift Card,Pending,1784
1785,04-07-2023,4780,PayPal,Pending,1785
1786,05-04-2023,4756,Gift Card,Completed,1786
1787,09-08-2024,468,Amazon Pay,Completed,1787
1788,06-08-2023,8946,PayPal,Pending,1788
1789,01-09-2024,8250,Debit Card,Completed,1789
1790,25-05-2023,9723,Amazon Pay,Completed,1790
1791,22-04-2024,1556,Amazon Pay,Completed,1791
1792,28-02-2024,2652,PayPal,Pending,1792
1793,01-03-2024,13556,PayPal,Completed,1793
1794,22-07-2023,1990,PayPal,Pending,1794
1795,12-07-2024,1177,PayPal,Pending,1795
1796,11-02-2023,4715,Credit Card,Completed,1796
1797,08-05-2024,5616,Amazon Pay,Completed,1797
1798,06-09-2023,2266,Amazon Pay,Completed,1798
1799,05-11-2023,9146,Debit Card,Pending,1799
1800,05-08-2023,9595,Credit Card,Pending,1800
1801,06-12-2023,601,Credit Card,Pending,1801
1802,15-02-2024,5154,Gift Card,Completed,1802
1803,20-08-2024,8805,Amazon Pay,Pending,1803
1804,10-01-2023,4203,PayPal,Pending,1804
1805,28-05-2024,7443,Credit Card,Pending,1805
1806,18-06-2023,2455,Credit Card,Completed,1806
1807,26-09-2024,3384,Credit Card,Pending,1807
1808,17-07-2024,4072,Credit Card,Pending,1808
1809,01-10-2024,6572,Credit Card,Completed,1809
1810,21-03-2024,19210,Amazon Pay,Completed,1810
1811,12-07-2024,1152,Amazon Pay,Completed,1811
1812,18-06-2023,1700,Amazon Pay,Completed,1812
1813,20-10-2023,7020,Debit Card,Completed,1813
1814,22-03-2023,12503,Gift Card,Pending,1814
1815,23-02-2024,3723,Amazon Pay,Pending,1815
1816,29-11-2023,2804,Gift Card,Pending,1816
1817,08-01-2023,13508,PayPal,Pending,1817
1818,09-01-2024,10531,Debit Card,Completed,1818
1819,04-01-2023,6335,Gift Card,Completed,1819
1820,15-11-2024,7997,Gift Card,Completed,1820
1821,10-04-2024,1656,Amazon Pay,Pending,1821
1822,13-10-2023,815,Gift Card,Pending,1822
1823,30-09-2024,4629,Debit Card,Pending,1823
1824,16-01-2023,3554,Amazon Pay,Completed,1824
1825,01-10-2023,1914,Debit Card,Completed,1825
1826,27-02-2024,12801,Debit Card,Completed,1826
1827,16-03-2023,8443,Debit Card,Completed,1827
1828,24-03-2023,7964,Gift Card,Completed,1828
1829,16-07-2024,3585,Gift Card,Completed,1829
1830,23-06-2023,2583,Credit Card,Pending,1830
1831,10-07-2023,1422,Amazon Pay,Completed,1831
1832,04-07-2024,2959,Credit Card,Completed,1832
1833,14-07-2024,14773,Gift Card,Completed,1833
1834,02-09-2023,4140,Gift Card,Completed,1834
1835,06-04-2024,11212,Gift Card,Pending,1835
1836,21-01-2023,7089,Debit Card,Completed,1836
1837,29-05-2023,3954,Credit Card,Completed,1837
1838,16-06-2023,7819,Amazon Pay,Pending,1838
1839,09-12-2024,5860,PayPal,Pending,1839
1840,27-11-2023,2089,Amazon Pay,Completed,1840
1841,25-11-2023,10196,Amazon Pay,Completed,1841
1842,01-06-2023,1043,Debit Card,Completed,1842
1843,03-12-2024,6812,Amazon Pay,Completed,1843
1844,09-10-2023,13433,Amazon Pay,Completed,1844
1845,21-02-2023,5988,Debit Card,Pending,1845
1846,09-10-2024,2036,Amazon Pay,Completed,1846
1847,30-01-2024,10742,Credit Card,Completed,1847
1848,06-03-2024,414,Gift Card,Pending,1848
1849,19-04-2024,12097,Amazon Pay,Pending,1849
1850,04-06-2023,2924,Amazon Pay,Completed,1850
1851,10-08-2024,6906,PayPal,Completed,1851
1852,29-12-2023,488,Debit Card,Pending,1852
1853,12-11-2024,5741,Amazon Pay,Pending,1853
1854,17-03-2024,5230,Gift Card,Pending,1854
1855,09-11-2024,150,Amazon Pay,Completed,1855
1856,21-08-2023,3868,PayPal,Pending,1856
1857,15-01-2023,2148,Amazon Pay,Completed,1857
1858,21-05-2024,6983,Credit Card,Completed,1858
1859,05-07-2023,9012,PayPal,Completed,1859
1860,02-08-2023,5253,Gift Card,Completed,1860
1861,29-07-2023,2114,Credit Card,Pending,1861
1862,11-03-2024,8212,PayPal,Pending,1862
1863,05-02-2023,1451,Debit Card,Completed,1863
1864,02-05-2024,1757,PayPal,Completed,1864
1865,18-07-2024,5100,PayPal,Completed,1865
1866,31-03-2023,6720,Gift Card,Completed,1866
1867,18-01-2023,12685,Debit Card,Completed,1867
1868,20-12-2023,3135,Credit Card,Completed,1868
1869,15-09-2024,2975,Credit Card,Pending,1869
1870,01-10-2023,331,Credit Card,Pending,1870
1871,30-03-2023,7839,Amazon Pay,Pending,1871
1872,16-02-2023,4383,PayPal,Completed,1872
1873,09-01-2024,7775,Debit Card,Pending,1873
1874,12-08-2024,3875,PayPal,Completed,1874
1875,20-06-2024,5501,Debit Card,Pending,1875
1876,30-08-2023,4657,Credit Card,Completed,1876
1877,03-07-2023,768,Credit Card,Completed,1877
1878,29-04-2024,10094,PayPal,Completed,1878
1879,06-02-2024,4881,Amazon Pay,Pending,1879
1880,08-10-2024,1468,Credit Card,Completed,1880
1881,16-02-2024,11170,Amazon Pay,Pending,1881
1882,26-04-2024,2158,PayPal,Completed,1882
1883,13-06-2023,4552,PayPal,Pending,1883
1884,04-07-2024,9731,Amazon Pay,Completed,1884
1885,06-05-2023,8490,Gift Card,Completed,1885
1886,02-06-2024,4389,Gift Card,Completed,1886
1887,07-06-2024,5056,Credit Card,Pending,1887
1888,01-01-2024,10519,Credit Card,Completed,1888
1889,18-09-2024,2694,Gift Card,Pending,1889
1890,18-01-2024,7221,Credit Card,Pending,1890
1891,27-09-2024,1240,Credit Card,Pending,1891
1892,24-05-2023,10167,Amazon Pay,Completed,1892
1893,22-11-2024,6011,Amazon Pay,Completed,1893
1894,13-05-2024,6276,Debit Card,Completed,1894
1895,04-05-2023,144,PayPal,Pending,1895
1896,25-01-2024,848,Gift Card,Pending,1896
1897,06-09-2023,3486,Amazon Pay,Pending,1897
1898,03-03-2024,13559,Debit Card,Pending,1898
1899,18-04-2024,1224,PayPal,Completed,1899
1900,29-08-2023,2702,Amazon Pay,Completed,1900
1901,19-05-2024,3573,Gift Card,Completed,1901
1902,05-12-2023,7044,PayPal,Completed,1902
1903,18-06-2023,11047,Debit Card,Pending,1903
1904,04-03-2023,13900,Gift Card,Completed,1904
1905,08-03-2024,14446,Debit Card,Completed,1905
1906,07-06-2024,5859,PayPal,Pending,1906
1907,29-09-2023,13542,Credit Card,Completed,1907
1908,26-05-2024,2242,Debit Card,Pending,1908
1909,24-04-2024,10667,Gift Card,Pending,1909
1910,08-10-2023,716,Amazon Pay,Completed,1910
1911,08-02-2024,2630,Amazon Pay,Completed,1911
1912,18-02-2024,4170,Credit Card,Completed,1912
1913,03-11-2023,666,Amazon Pay,Completed,1913
1914,23-05-2023,9135,Debit Card,Pending,1914
1915,04-01-2024,4077,Credit Card,Completed,1915
1916,02-08-2024,5422,Debit Card,Pending,1916
1917,06-03-2023,1216,PayPal,Completed,1917
1918,20-10-2023,1654,Gift Card,Pending,1918
1919,20-01-2023,8889,Debit Card,Completed,1919
1920,25-01-2023,3010,Credit Card,Completed,1920
1921,21-10-2023,7082,Credit Card,Pending,1921
1922,20-12-2023,6930,Gift Card,Completed,1922
1923,08-06-2023,10344,Amazon Pay,Pending,1923
1924,06-09-2024,9798,Credit Card,Pending,1924
1925,30-07-2023,1887,Credit Card,Pending,1925
1926,12-11-2024,4875,PayPal,Pending,1926
1927,12-06-2023,14571,Gift Card,Completed,1927
1928,18-03-2024,12496,PayPal,Completed,1928
1929,25-05-2023,5500,Credit Card,Pending,1929
1930,17-08-2024,8724,Debit Card,Pending,1930
1931,30-11-2024,3513,Amazon Pay,Completed,1931
1932,05-03-2024,2542,Amazon Pay,Pending,1932
1933,19-01-2023,6110,Gift Card,Completed,1933
1934,19-11-2023,1047,Amazon Pay,Pending,1934
1935,16-09-2023,3984,Debit Card,Pending,1935
1936,25-01-2023,5577,PayPal,Pending,1936
1937,08-05-2023,12186,Credit Card,Pending,1937
1938,16-05-2023,1332,Credit Card,Completed,1938
1939,29-05-2024,2844,Credit Card,Completed,1939
1940,15-06-2024,5415,Credit Card,Completed,1940
1941,27-12-2024,12802,PayPal,Completed,1941
1942,15-10-2024,1882,PayPal,Pending,1942
1943,07-07-2023,13988,PayPal,Completed,1943
1944,16-04-2023,1119,PayPal,Completed,1944
1945,18-02-2023,7162,Credit Card,Completed,1945
1946,03-08-2024,4848,Amazon Pay,Completed,1946
1947,19-02-2023,4060,Credit Card,Pending,1947
1948,29-06-2024,5004,Credit Card,Completed,1948
1949,15-10-2023,11203,Credit Card,Pending,1949
1950,05-04-2023,5655,Credit Card,Completed,1950
1951,07-01-2024,5426,Credit Card,Pending,1951
1952,22-08-2024,1996,Debit Card,Pending,1952
1953,20-01-2023,1432,PayPal,Completed,1953
1954,10-09-2024,1476,Credit Card,Completed,1954
1955,30-09-2023,11516,Debit Card,Pending,1955
1956,16-11-2024,995,Gift Card,Pending,1956
1957,13-03-2024,7785,Debit Card,Pending,1957
1958,31-05-2024,2614,Credit Card,Pending,1958
1959,23-08-2023,562,Gift Card,Pending,1959
1960,07-06-2024,3870,Debit Card,Completed,1960
1961,02-03-2024,4717,Debit Card,Completed,1961
1962,07-10-2024,2481,Debit Card,Completed,1962
1963,15-11-2023,3664,Amazon Pay,Completed,1963
1964,15-07-2023,16538,Debit Card,Pending,1964
1965,29-05-2023,11294,PayPal,Completed,1965
1966,04-06-2023,3676,Credit Card,Completed,1966
1967,01-12-2023,3756,PayPal,Completed,1967
1968,16-08-2023,16209,Amazon Pay,Pending,1968
1969,01-04-2023,422,Amazon Pay,Pending,1969
1970,27-04-2024,1645,Gift Card,Pending,1970
1971,11-12-2024,8040,Gift Card,Completed,1971
1972,20-08-2023,14497,Amazon Pay,Pending,1972
1973,04-04-2024,2749,Debit Card,Completed,1973
1974,05-04-2023,8365,Debit Card,Pending,1974
1975,14-09-2024,2175,Gift Card,Completed,1975
1976,07-06-2024,9535,Amazon Pay,Pending,1976
1977,01-01-2024,2322,Gift Card,Completed,1977
1978,31-03-2023,3792,PayPal,Pending,1978
1979,31-01-2023,7152,Credit Card,Pending,1979
1980,20-07-2024,9715,Debit Card,Completed,1980
1981,16-11-2024,6044,Credit Card,Pending,1981
1982,23-04-2023,3976,Credit Card,Pending,1982
1983,10-01-2024,3544,Debit Card,Pending,1983
1984,05-06-2024,4170,Debit Card,Completed,1984
1985,03-06-2024,2886,Gift Card,Pending,1985
1986,18-03-2023,3960,Debit Card,Completed,1986
1987,20-05-2024,1672,Gift Card,Completed,1987
1988,01-03-2024,4957,Gift Card,Completed,1988
1989,14-02-2023,9278,Credit Card,Pending,1989
1990,08-07-2023,3353,PayPal,Pending,1990
1991,28-10-2023,4553,PayPal,Pending,1991
1992,16-02-2023,3448,Credit Card,Completed,1992
1993,03-06-2023,6355,Gift Card,Pending,1993
1994,23-12-2024,14676,Debit Card,Pending,1994
1995,07-03-2024,2286,Amazon Pay,Pending,1995
1996,15-09-2023,2230,Gift Card,Pending,1996
1997,22-06-2024,2874,Credit Card,Completed,1997
1998,03-02-2023,8430,Amazon Pay,Pending,1998
1999,07-06-2023,4640,PayPal,Completed,1999
2000,09-09-2023,7964,Amazon Pay,Completed,2000
